-1,-1,1tCsdZp08MSHlsgCfJE4dZ0cgEM=,rgfzWwMoDLxqCj/t7A3JYoQsg1o=
-1,-2,1tCsdZp08MSHlsgCfJE4dZ0cgEM=,rgfzWwMoDLxqCj/t7A3JYoQsg1o=
-1,-3,1tCsdZp08MSHlsgCfJE4dZ0cgEM=,rgfzWwMoDLxqCj/t7A3JYoQsg1o=
-1,-4,1tCsdZp08MSHlsgCfJE4dZ0cgEM=,rgfzWwMoDLxqCj/t7A3JYoQsg1o=
-2,-4,1tCsdZp08MSHlsgCfJE4dZ0cgEM=,P7oXtwf3Ofq79Dpc3HTySaxSWhw=
-2,-1,1tCsdZp08MSHlsgCfJE4dZ0cgEM=,P7oXtwf3Ofq79Dpc3HTySaxSWhw=
-2,-2,1tCsdZp08MSHlsgCfJE4dZ0cgEM=,rgfzWwMoDLxqCj/t7A3JYoQsg1o=
-2,-3,1tCsdZp08MSHlsgCfJE4dZ0cgEM=,vHOV4/pE89NE83Z/wlqoOnhgyi8=
-3,-3,1tCsdZp08MSHlsgCfJE4dZ0cgEM=,ysczIeqoD+ecYuotAn7gk4lqgRQ=
-3,-4,1tCsdZp08MSHlsgCfJE4dZ0cgEM=,ysczIeqoD+ecYuotAn7gk4lqgRQ=
-3,-1,1tCsdZp08MSHlsgCfJE4dZ0cgEM=,ysczIeqoD+ecYuotAn7gk4lqgRQ=
-3,-2,1tCsdZp08MSHlsgCfJE4dZ0cgEM=,ysczIeqoD+ecYuotAn7gk4lqgRQ=
