-3,0,1tCsdZp08MSHlsgCfJE4dZ0cgEM=,ysczIeqoD+ecYuotAn7gk4lqgRQ=
-3,1,1tCsdZp08MSHlsgCfJE4dZ0cgEM=,fPZFeFl+NXISRTYeattXNHcVu8Q=
-2,3,1tCsdZp08MSHlsgCfJE4dZ0cgEM=,ysczIeqoD+ecYuotAn7gk4lqgRQ=
-2,2,1tCsdZp08MSHlsgCfJE4dZ0cgEM=,ysczIeqoD+ecYuotAn7gk4lqgRQ=
-2,4,1tCsdZp08MSHlsgCfJE4dZ0cgEM=,AxnQdblLbZRzAwLRwnFiUQr9/Q8=
-2,1,fN0mBgZptLImMHrTvN8GHZ79/bE=,ysczIeqoD+ecYuotAn7gk4lqgRQ=
-2,0,fN0mBgZptLImMHrTvN8GHZ79/bE=,ysczIeqoD+ecYuotAn7gk4lqgRQ=
-1,4,fN0mBgZptLImMHrTvN8GHZ79/bE=,D43n664w6CbQPsbvwoSRtG8oTNE=
-1,3,fN0mBgZptLImMHrTvN8GHZ79/bE=,ysczIeqoD+ecYuotAn7gk4lqgRQ=
-1,2,fN0mBgZptLImMHrTvN8GHZ79/bE=,ysczIeqoD+ecYuotAn7gk4lqgRQ=
-1,1,fN0mBgZptLImMHrTvN8GHZ79/bE=,ysczIeqoD+ecYuotAn7gk4lqgRQ=
-1,0,fN0mBgZptLImMHrTvN8GHZ79/bE=,ysczIeqoD+ecYuotAn7gk4lqgRQ=
