0,4,1tCsdZp08MSHlsgCfJE4dZ0cgEM=,rgfzWwMoDLxqCj/t7A3JYoQsg1o=
0,3,1tCsdZp08MSHlsgCfJE4dZ0cgEM=,rgfzWwMoDLxqCj/t7A3JYoQsg1o=
0,2,1tCsdZp08MSHlsgCfJE4dZ0cgEM=,rgfzWwMoDLxqCj/t7A3JYoQsg1o=
0,0,1tCsdZp08MSHlsgCfJE4dZ0cgEM=,rgfzWwMoDLxqCj/t7A3JYoQsg1o=
0,1,1tCsdZp08MSHlsgCfJE4dZ0cgEM=,rgfzWwMoDLxqCj/t7A3JYoQsg1o=
1,1,1tCsdZp08MSHlsgCfJE4dZ0cgEM=,rgfzWwMoDLxqCj/t7A3JYoQsg1o=
1,0,1tCsdZp08MSHlsgCfJE4dZ0cgEM=,rgfzWwMoDLxqCj/t7A3JYoQsg1o=
1,3,1tCsdZp08MSHlsgCfJE4dZ0cgEM=,rgfzWwMoDLxqCj/t7A3JYoQsg1o=
1,2,1tCsdZp08MSHlsgCfJE4dZ0cgEM=,rgfzWwMoDLxqCj/t7A3JYoQsg1o=
1,4,1tCsdZp08MSHlsgCfJE4dZ0cgEM=,rgfzWwMoDLxqCj/t7A3JYoQsg1o=
2,2,1tCsdZp08MSHlsgCfJE4dZ0cgEM=,GH0FtOgluCJ3gIG2JU0wa7H6ANk=
2,3,1tCsdZp08MSHlsgCfJE4dZ0cgEM=,GH0FtOgluCJ3gIG2JU0wa7H6ANk=
2,0,1tCsdZp08MSHlsgCfJE4dZ0cgEM=,ysczIeqoD+ecYuotAn7gk4lqgRQ=
2,4,1tCsdZp08MSHlsgCfJE4dZ0cgEM=,ysczIeqoD+ecYuotAn7gk4lqgRQ=
2,1,1tCsdZp08MSHlsgCfJE4dZ0cgEM=,ysczIeqoD+ecYuotAn7gk4lqgRQ=
3,3,1tCsdZp08MSHlsgCfJE4dZ0cgEM=,ysczIeqoD+ecYuotAn7gk4lqgRQ=
3,2,1tCsdZp08MSHlsgCfJE4dZ0cgEM=,ysczIeqoD+ecYuotAn7gk4lqgRQ=
3,1,1tCsdZp08MSHlsgCfJE4dZ0cgEM=,ysczIeqoD+ecYuotAn7gk4lqgRQ=
3,0,1tCsdZp08MSHlsgCfJE4dZ0cgEM=,ysczIeqoD+ecYuotAn7gk4lqgRQ=
3,4,1tCsdZp08MSHlsgCfJE4dZ0cgEM=,ysczIeqoD+ecYuotAn7gk4lqgRQ=
4,4,1tCsdZp08MSHlsgCfJE4dZ0cgEM=,fPZFeFl+NXISRTYeattXNHcVu8Q=
4,3,1tCsdZp08MSHlsgCfJE4dZ0cgEM=,ysczIeqoD+ecYuotAn7gk4lqgRQ=
4,0,fN0mBgZptLImMHrTvN8GHZ79/bE=,ysczIeqoD+ecYuotAn7gk4lqgRQ=
4,2,1tCsdZp08MSHlsgCfJE4dZ0cgEM=,ysczIeqoD+ecYuotAn7gk4lqgRQ=
4,1,1tCsdZp08MSHlsgCfJE4dZ0cgEM=,ysczIeqoD+ecYuotAn7gk4lqgRQ=
5,1,fN0mBgZptLImMHrTvN8GHZ79/bE=,fPZFeFl+NXISRTYeattXNHcVu8Q=
5,0,fN0mBgZptLImMHrTvN8GHZ79/bE=,fPZFeFl+NXISRTYeattXNHcVu8Q=
5,2,fN0mBgZptLImMHrTvN8GHZ79/bE=,fPZFeFl+NXISRTYeattXNHcVu8Q=
