5,-3,1tCsdZp08MSHlsgCfJE4dZ0cgEM=,XdByCGMTd2+hvlY/kaJNRCj46uU=
5,-4,1tCsdZp08MSHlsgCfJE4dZ0cgEM=,XdByCGMTd2+hvlY/kaJNRCj46uU=
5,-2,1tCsdZp08MSHlsgCfJE4dZ0cgEM=,XdByCGMTd2+hvlY/kaJNRCj46uU=
5,-1,1tCsdZp08MSHlsgCfJE4dZ0cgEM=,XdByCGMTd2+hvlY/kaJNRCj46uU=
4,-4,1tCsdZp08MSHlsgCfJE4dZ0cgEM=,vHOV4/pE89NE83Z/wlqoOnhgyi8=
4,-2,1tCsdZp08MSHlsgCfJE4dZ0cgEM=,vHOV4/pE89NE83Z/wlqoOnhgyi8=
4,-1,1tCsdZp08MSHlsgCfJE4dZ0cgEM=,vHOV4/pE89NE83Z/wlqoOnhgyi8=
4,-3,1tCsdZp08MSHlsgCfJE4dZ0cgEM=,vHOV4/pE89NE83Z/wlqoOnhgyi8=
3,-1,1tCsdZp08MSHlsgCfJE4dZ0cgEM=,ysczIeqoD+ecYuotAn7gk4lqgRQ=
3,-3,1tCsdZp08MSHlsgCfJE4dZ0cgEM=,ysczIeqoD+ecYuotAn7gk4lqgRQ=
3,-4,1tCsdZp08MSHlsgCfJE4dZ0cgEM=,ysczIeqoD+ecYuotAn7gk4lqgRQ=
3,-2,1tCsdZp08MSHlsgCfJE4dZ0cgEM=,ysczIeqoD+ecYuotAn7gk4lqgRQ=
2,-2,1tCsdZp08MSHlsgCfJE4dZ0cgEM=,ysczIeqoD+ecYuotAn7gk4lqgRQ=
2,-1,1tCsdZp08MSHlsgCfJE4dZ0cgEM=,ysczIeqoD+ecYuotAn7gk4lqgRQ=
2,-4,1tCsdZp08MSHlsgCfJE4dZ0cgEM=,ysczIeqoD+ecYuotAn7gk4lqgRQ=
2,-3,1tCsdZp08MSHlsgCfJE4dZ0cgEM=,ysczIeqoD+ecYuotAn7gk4lqgRQ=
1,-3,fN0mBgZptLImMHrTvN8GHZ79/bE=,ysczIeqoD+ecYuotAn7gk4lqgRQ=
1,-4,fN0mBgZptLImMHrTvN8GHZ79/bE=,ysczIeqoD+ecYuotAn7gk4lqgRQ=
1,-1,fN0mBgZptLImMHrTvN8GHZ79/bE=,ysczIeqoD+ecYuotAn7gk4lqgRQ=
1,-2,fN0mBgZptLImMHrTvN8GHZ79/bE=,ysczIeqoD+ecYuotAn7gk4lqgRQ=
0,-4,fN0mBgZptLImMHrTvN8GHZ79/bE=,ysczIeqoD+ecYuotAn7gk4lqgRQ=
0,-3,fN0mBgZptLImMHrTvN8GHZ79/bE=,ysczIeqoD+ecYuotAn7gk4lqgRQ=
0,-2,fN0mBgZptLImMHrTvN8GHZ79/bE=,ysczIeqoD+ecYuotAn7gk4lqgRQ=
0,-1,fN0mBgZptLImMHrTvN8GHZ79/bE=,ysczIeqoD+ecYuotAn7gk4lqgRQ=
