-41,131,Esb+FAP07OwO/e614TuXHuTl/nQ=,jh1I8Hlw4sncxwZ9TaIvnocoK4M=
-42,131,Esb+FAP07OwO/e614TuXHuTl/nQ=,jh1I8Hlw4sncxwZ9TaIvnocoK4M=
-40,131,Esb+FAP07OwO/e614TuXHuTl/nQ=,jh1I8Hlw4sncxwZ9TaIvnocoK4M=
-39,131,Esb+FAP07OwO/e614TuXHuTl/nQ=,jh1I8Hlw4sncxwZ9TaIvnocoK4M=
-42,130,Esb+FAP07OwO/e614TuXHuTl/nQ=,jh1I8Hlw4sncxwZ9TaIvnocoK4M=
-38,131,Esb+FAP07OwO/e614TuXHuTl/nQ=,jh1I8Hlw4sncxwZ9TaIvnocoK4M=
-37,131,Esb+FAP07OwO/e614TuXHuTl/nQ=,jh1I8Hlw4sncxwZ9TaIvnocoK4M=
-36,131,Esb+FAP07OwO/e614TuXHuTl/nQ=,jh1I8Hlw4sncxwZ9TaIvnocoK4M=
-43,130,Esb+FAP07OwO/e614TuXHuTl/nQ=,jh1I8Hlw4sncxwZ9TaIvnocoK4M=
-33,131,Esb+FAP07OwO/e614TuXHuTl/nQ=,jh1I8Hlw4sncxwZ9TaIvnocoK4M=
-35,131,Esb+FAP07OwO/e614TuXHuTl/nQ=,jh1I8Hlw4sncxwZ9TaIvnocoK4M=
-33,132,Esb+FAP07OwO/e614TuXHuTl/nQ=,jh1I8Hlw4sncxwZ9TaIvnocoK4M=
-34,131,Esb+FAP07OwO/e614TuXHuTl/nQ=,jh1I8Hlw4sncxwZ9TaIvnocoK4M=
-33,133,Esb+FAP07OwO/e614TuXHuTl/nQ=,jh1I8Hlw4sncxwZ9TaIvnocoK4M=
-42,129,Esb+FAP07OwO/e614TuXHuTl/nQ=,jh1I8Hlw4sncxwZ9TaIvnocoK4M=
-33,134,Esb+FAP07OwO/e614TuXHuTl/nQ=,jh1I8Hlw4sncxwZ9TaIvnocoK4M=
-33,142,Esb+FAP07OwO/e614TuXHuTl/nQ=,jh1I8Hlw4sncxwZ9TaIvnocoK4M=
-33,143,Esb+FAP07OwO/e614TuXHuTl/nQ=,jh1I8Hlw4sncxwZ9TaIvnocoK4M=
-33,135,Esb+FAP07OwO/e614TuXHuTl/nQ=,jh1I8Hlw4sncxwZ9TaIvnocoK4M=
-34,143,Esb+FAP07OwO/e614TuXHuTl/nQ=,jh1I8Hlw4sncxwZ9TaIvnocoK4M=
-43,131,Esb+FAP07OwO/e614TuXHuTl/nQ=,jh1I8Hlw4sncxwZ9TaIvnocoK4M=
-43,129,Esb+FAP07OwO/e614TuXHuTl/nQ=,jh1I8Hlw4sncxwZ9TaIvnocoK4M=
-44,129,Esb+FAP07OwO/e614TuXHuTl/nQ=,jh1I8Hlw4sncxwZ9TaIvnocoK4M=
-42,128,Esb+FAP07OwO/e614TuXHuTl/nQ=,jh1I8Hlw4sncxwZ9TaIvnocoK4M=
-48,132,Esb+FAP07OwO/e614TuXHuTl/nQ=,jh1I8Hlw4sncxwZ9TaIvnocoK4M=
-33,136,Esb+FAP07OwO/e614TuXHuTl/nQ=,jh1I8Hlw4sncxwZ9TaIvnocoK4M=
-45,131,Esb+FAP07OwO/e614TuXHuTl/nQ=,jh1I8Hlw4sncxwZ9TaIvnocoK4M=
-43,128,Esb+FAP07OwO/e614TuXHuTl/nQ=,jh1I8Hlw4sncxwZ9TaIvnocoK4M=
-44,131,Esb+FAP07OwO/e614TuXHuTl/nQ=,jh1I8Hlw4sncxwZ9TaIvnocoK4M=
-45,128,Esb+FAP07OwO/e614TuXHuTl/nQ=,jh1I8Hlw4sncxwZ9TaIvnocoK4M=
-41,128,Esb+FAP07OwO/e614TuXHuTl/nQ=,jh1I8Hlw4sncxwZ9TaIvnocoK4M=
-33,141,Esb+FAP07OwO/e614TuXHuTl/nQ=,jh1I8Hlw4sncxwZ9TaIvnocoK4M=
-33,140,Esb+FAP07OwO/e614TuXHuTl/nQ=,jh1I8Hlw4sncxwZ9TaIvnocoK4M=
-41,130,Esb+FAP07OwO/e614TuXHuTl/nQ=,jh1I8Hlw4sncxwZ9TaIvnocoK4M=
-44,130,Esb+FAP07OwO/e614TuXHuTl/nQ=,jh1I8Hlw4sncxwZ9TaIvnocoK4M=
-46,131,Esb+FAP07OwO/e614TuXHuTl/nQ=,jh1I8Hlw4sncxwZ9TaIvnocoK4M=
-33,137,Esb+FAP07OwO/e614TuXHuTl/nQ=,jh1I8Hlw4sncxwZ9TaIvnocoK4M=
-39,128,Esb+FAP07OwO/e614TuXHuTl/nQ=,jh1I8Hlw4sncxwZ9TaIvnocoK4M=
-40,128,Esb+FAP07OwO/e614TuXHuTl/nQ=,jh1I8Hlw4sncxwZ9TaIvnocoK4M=
-36,128,Esb+FAP07OwO/e614TuXHuTl/nQ=,jh1I8Hlw4sncxwZ9TaIvnocoK4M=
-48,128,Esb+FAP07OwO/e614TuXHuTl/nQ=,jh1I8Hlw4sncxwZ9TaIvnocoK4M=
-47,132,Esb+FAP07OwO/e614TuXHuTl/nQ=,jh1I8Hlw4sncxwZ9TaIvnocoK4M=
-47,128,Esb+FAP07OwO/e614TuXHuTl/nQ=,jh1I8Hlw4sncxwZ9TaIvnocoK4M=
-33,138,Esb+FAP07OwO/e614TuXHuTl/nQ=,jh1I8Hlw4sncxwZ9TaIvnocoK4M=
-46,132,Esb+FAP07OwO/e614TuXHuTl/nQ=,jh1I8Hlw4sncxwZ9TaIvnocoK4M=
-44,128,Esb+FAP07OwO/e614TuXHuTl/nQ=,jh1I8Hlw4sncxwZ9TaIvnocoK4M=
-33,139,Esb+FAP07OwO/e614TuXHuTl/nQ=,jh1I8Hlw4sncxwZ9TaIvnocoK4M=
-38,128,Esb+FAP07OwO/e614TuXHuTl/nQ=,jh1I8Hlw4sncxwZ9TaIvnocoK4M=
-35,128,Esb+FAP07OwO/e614TuXHuTl/nQ=,jh1I8Hlw4sncxwZ9TaIvnocoK4M=
-45,132,Esb+FAP07OwO/e614TuXHuTl/nQ=,jh1I8Hlw4sncxwZ9TaIvnocoK4M=
-33,130,Esb+FAP07OwO/e614TuXHuTl/nQ=,jh1I8Hlw4sncxwZ9TaIvnocoK4M=
-46,128,Esb+FAP07OwO/e614TuXHuTl/nQ=,jh1I8Hlw4sncxwZ9TaIvnocoK4M=
-35,143,Esb+FAP07OwO/e614TuXHuTl/nQ=,jh1I8Hlw4sncxwZ9TaIvnocoK4M=
-39,143,Esb+FAP07OwO/e614TuXHuTl/nQ=,jh1I8Hlw4sncxwZ9TaIvnocoK4M=
-44,132,Esb+FAP07OwO/e614TuXHuTl/nQ=,jh1I8Hlw4sncxwZ9TaIvnocoK4M=
-41,143,Esb+FAP07OwO/e614TuXHuTl/nQ=,jh1I8Hlw4sncxwZ9TaIvnocoK4M=
-43,132,Esb+FAP07OwO/e614TuXHuTl/nQ=,jh1I8Hlw4sncxwZ9TaIvnocoK4M=
-43,143,Esb+FAP07OwO/e614TuXHuTl/nQ=,jh1I8Hlw4sncxwZ9TaIvnocoK4M=
-37,143,Esb+FAP07OwO/e614TuXHuTl/nQ=,jh1I8Hlw4sncxwZ9TaIvnocoK4M=
-36,143,Esb+FAP07OwO/e614TuXHuTl/nQ=,jh1I8Hlw4sncxwZ9TaIvnocoK4M=
-40,143,Esb+FAP07OwO/e614TuXHuTl/nQ=,jh1I8Hlw4sncxwZ9TaIvnocoK4M=
-44,143,Esb+FAP07OwO/e614TuXHuTl/nQ=,jh1I8Hlw4sncxwZ9TaIvnocoK4M=
-42,132,Esb+FAP07OwO/e614TuXHuTl/nQ=,jh1I8Hlw4sncxwZ9TaIvnocoK4M=
-47,131,Esb+FAP07OwO/e614TuXHuTl/nQ=,jh1I8Hlw4sncxwZ9TaIvnocoK4M=
-37,128,Esb+FAP07OwO/e614TuXHuTl/nQ=,jh1I8Hlw4sncxwZ9TaIvnocoK4M=
-41,132,Esb+FAP07OwO/e614TuXHuTl/nQ=,jh1I8Hlw4sncxwZ9TaIvnocoK4M=
-38,143,Esb+FAP07OwO/e614TuXHuTl/nQ=,jh1I8Hlw4sncxwZ9TaIvnocoK4M=
-45,130,Esb+FAP07OwO/e614TuXHuTl/nQ=,jh1I8Hlw4sncxwZ9TaIvnocoK4M=
-42,143,Esb+FAP07OwO/e614TuXHuTl/nQ=,jh1I8Hlw4sncxwZ9TaIvnocoK4M=
-45,143,Esb+FAP07OwO/e614TuXHuTl/nQ=,jh1I8Hlw4sncxwZ9TaIvnocoK4M=
-35,142,Esb+FAP07OwO/e614TuXHuTl/nQ=,jh1I8Hlw4sncxwZ9TaIvnocoK4M=
-40,132,Esb+FAP07OwO/e614TuXHuTl/nQ=,jh1I8Hlw4sncxwZ9TaIvnocoK4M=
-36,142,Esb+FAP07OwO/e614TuXHuTl/nQ=,jh1I8Hlw4sncxwZ9TaIvnocoK4M=
-37,142,Esb+FAP07OwO/e614TuXHuTl/nQ=,jh1I8Hlw4sncxwZ9TaIvnocoK4M=
-47,143,Esb+FAP07OwO/e614TuXHuTl/nQ=,jh1I8Hlw4sncxwZ9TaIvnocoK4M=
-38,142,Esb+FAP07OwO/e614TuXHuTl/nQ=,jh1I8Hlw4sncxwZ9TaIvnocoK4M=
-39,142,Esb+FAP07OwO/e614TuXHuTl/nQ=,jh1I8Hlw4sncxwZ9TaIvnocoK4M=
-39,132,Esb+FAP07OwO/e614TuXHuTl/nQ=,jh1I8Hlw4sncxwZ9TaIvnocoK4M=
-34,142,Esb+FAP07OwO/e614TuXHuTl/nQ=,jh1I8Hlw4sncxwZ9TaIvnocoK4M=
-40,142,Esb+FAP07OwO/e614TuXHuTl/nQ=,jh1I8Hlw4sncxwZ9TaIvnocoK4M=
-38,132,Esb+FAP07OwO/e614TuXHuTl/nQ=,jh1I8Hlw4sncxwZ9TaIvnocoK4M=
-41,142,Esb+FAP07OwO/e614TuXHuTl/nQ=,jh1I8Hlw4sncxwZ9TaIvnocoK4M=
-42,142,Esb+FAP07OwO/e614TuXHuTl/nQ=,jh1I8Hlw4sncxwZ9TaIvnocoK4M=
-43,142,Esb+FAP07OwO/e614TuXHuTl/nQ=,jh1I8Hlw4sncxwZ9TaIvnocoK4M=
-44,142,Esb+FAP07OwO/e614TuXHuTl/nQ=,jh1I8Hlw4sncxwZ9TaIvnocoK4M=
-46,142,Esb+FAP07OwO/e614TuXHuTl/nQ=,jh1I8Hlw4sncxwZ9TaIvnocoK4M=
-45,142,Esb+FAP07OwO/e614TuXHuTl/nQ=,jh1I8Hlw4sncxwZ9TaIvnocoK4M=
-37,132,Esb+FAP07OwO/e614TuXHuTl/nQ=,jh1I8Hlw4sncxwZ9TaIvnocoK4M=
-48,142,Esb+FAP07OwO/e614TuXHuTl/nQ=,jh1I8Hlw4sncxwZ9TaIvnocoK4M=
-45,129,Esb+FAP07OwO/e614TuXHuTl/nQ=,jh1I8Hlw4sncxwZ9TaIvnocoK4M=
-38,141,Esb+FAP07OwO/e614TuXHuTl/nQ=,jh1I8Hlw4sncxwZ9TaIvnocoK4M=
-47,142,Esb+FAP07OwO/e614TuXHuTl/nQ=,jh1I8Hlw4sncxwZ9TaIvnocoK4M=
-48,143,Esb+FAP07OwO/e614TuXHuTl/nQ=,jh1I8Hlw4sncxwZ9TaIvnocoK4M=
-37,141,Esb+FAP07OwO/e614TuXHuTl/nQ=,jh1I8Hlw4sncxwZ9TaIvnocoK4M=
-46,143,Esb+FAP07OwO/e614TuXHuTl/nQ=,jh1I8Hlw4sncxwZ9TaIvnocoK4M=
-36,132,Esb+FAP07OwO/e614TuXHuTl/nQ=,jh1I8Hlw4sncxwZ9TaIvnocoK4M=
-36,141,Esb+FAP07OwO/e614TuXHuTl/nQ=,jh1I8Hlw4sncxwZ9TaIvnocoK4M=
-46,130,Esb+FAP07OwO/e614TuXHuTl/nQ=,jh1I8Hlw4sncxwZ9TaIvnocoK4M=
-40,141,Esb+FAP07OwO/e614TuXHuTl/nQ=,jh1I8Hlw4sncxwZ9TaIvnocoK4M=
-41,141,Esb+FAP07OwO/e614TuXHuTl/nQ=,jh1I8Hlw4sncxwZ9TaIvnocoK4M=
-35,132,Esb+FAP07OwO/e614TuXHuTl/nQ=,jh1I8Hlw4sncxwZ9TaIvnocoK4M=
-39,141,Esb+FAP07OwO/e614TuXHuTl/nQ=,jh1I8Hlw4sncxwZ9TaIvnocoK4M=
-43,141,Esb+FAP07OwO/e614TuXHuTl/nQ=,jh1I8Hlw4sncxwZ9TaIvnocoK4M=
-42,141,Esb+FAP07OwO/e614TuXHuTl/nQ=,jh1I8Hlw4sncxwZ9TaIvnocoK4M=
-35,141,Esb+FAP07OwO/e614TuXHuTl/nQ=,jh1I8Hlw4sncxwZ9TaIvnocoK4M=
-34,132,Esb+FAP07OwO/e614TuXHuTl/nQ=,jh1I8Hlw4sncxwZ9TaIvnocoK4M=
-45,141,Esb+FAP07OwO/e614TuXHuTl/nQ=,jh1I8Hlw4sncxwZ9TaIvnocoK4M=
-46,129,Esb+FAP07OwO/e614TuXHuTl/nQ=,jh1I8Hlw4sncxwZ9TaIvnocoK4M=
-48,141,Esb+FAP07OwO/e614TuXHuTl/nQ=,jh1I8Hlw4sncxwZ9TaIvnocoK4M=
-47,141,Esb+FAP07OwO/e614TuXHuTl/nQ=,jh1I8Hlw4sncxwZ9TaIvnocoK4M=
-44,141,Esb+FAP07OwO/e614TuXHuTl/nQ=,jh1I8Hlw4sncxwZ9TaIvnocoK4M=
-41,129,Esb+FAP07OwO/e614TuXHuTl/nQ=,jh1I8Hlw4sncxwZ9TaIvnocoK4M=
-34,141,Esb+FAP07OwO/e614TuXHuTl/nQ=,jh1I8Hlw4sncxwZ9TaIvnocoK4M=
-34,140,Esb+FAP07OwO/e614TuXHuTl/nQ=,jh1I8Hlw4sncxwZ9TaIvnocoK4M=
-35,140,Esb+FAP07OwO/e614TuXHuTl/nQ=,jh1I8Hlw4sncxwZ9TaIvnocoK4M=
-36,140,Esb+FAP07OwO/e614TuXHuTl/nQ=,jh1I8Hlw4sncxwZ9TaIvnocoK4M=
-48,133,Esb+FAP07OwO/e614TuXHuTl/nQ=,jh1I8Hlw4sncxwZ9TaIvnocoK4M=
-37,140,Esb+FAP07OwO/e614TuXHuTl/nQ=,jh1I8Hlw4sncxwZ9TaIvnocoK4M=
-38,140,Esb+FAP07OwO/e614TuXHuTl/nQ=,jh1I8Hlw4sncxwZ9TaIvnocoK4M=
-41,140,Esb+FAP07OwO/e614TuXHuTl/nQ=,jh1I8Hlw4sncxwZ9TaIvnocoK4M=
-42,140,Esb+FAP07OwO/e614TuXHuTl/nQ=,jh1I8Hlw4sncxwZ9TaIvnocoK4M=
-40,130,Esb+FAP07OwO/e614TuXHuTl/nQ=,jh1I8Hlw4sncxwZ9TaIvnocoK4M=
-39,140,Esb+FAP07OwO/e614TuXHuTl/nQ=,jh1I8Hlw4sncxwZ9TaIvnocoK4M=
-40,140,Esb+FAP07OwO/e614TuXHuTl/nQ=,jh1I8Hlw4sncxwZ9TaIvnocoK4M=
-46,141,Esb+FAP07OwO/e614TuXHuTl/nQ=,jh1I8Hlw4sncxwZ9TaIvnocoK4M=
-44,140,Esb+FAP07OwO/e614TuXHuTl/nQ=,jh1I8Hlw4sncxwZ9TaIvnocoK4M=
-45,140,Esb+FAP07OwO/e614TuXHuTl/nQ=,jh1I8Hlw4sncxwZ9TaIvnocoK4M=
-47,133,Esb+FAP07OwO/e614TuXHuTl/nQ=,jh1I8Hlw4sncxwZ9TaIvnocoK4M=
-46,140,Esb+FAP07OwO/e614TuXHuTl/nQ=,jh1I8Hlw4sncxwZ9TaIvnocoK4M=
-47,129,Esb+FAP07OwO/e614TuXHuTl/nQ=,jh1I8Hlw4sncxwZ9TaIvnocoK4M=
-47,140,Esb+FAP07OwO/e614TuXHuTl/nQ=,jh1I8Hlw4sncxwZ9TaIvnocoK4M=
-47,130,Esb+FAP07OwO/e614TuXHuTl/nQ=,jh1I8Hlw4sncxwZ9TaIvnocoK4M=
-48,140,Esb+FAP07OwO/e614TuXHuTl/nQ=,jh1I8Hlw4sncxwZ9TaIvnocoK4M=
-48,131,Esb+FAP07OwO/e614TuXHuTl/nQ=,jh1I8Hlw4sncxwZ9TaIvnocoK4M=
-46,133,Esb+FAP07OwO/e614TuXHuTl/nQ=,jh1I8Hlw4sncxwZ9TaIvnocoK4M=
-48,130,Esb+FAP07OwO/e614TuXHuTl/nQ=,jh1I8Hlw4sncxwZ9TaIvnocoK4M=
-43,140,Esb+FAP07OwO/e614TuXHuTl/nQ=,jh1I8Hlw4sncxwZ9TaIvnocoK4M=
-48,129,Esb+FAP07OwO/e614TuXHuTl/nQ=,jh1I8Hlw4sncxwZ9TaIvnocoK4M=
-34,139,Esb+FAP07OwO/e614TuXHuTl/nQ=,jh1I8Hlw4sncxwZ9TaIvnocoK4M=
-45,133,Esb+FAP07OwO/e614TuXHuTl/nQ=,jh1I8Hlw4sncxwZ9TaIvnocoK4M=
-34,128,Esb+FAP07OwO/e614TuXHuTl/nQ=,jh1I8Hlw4sncxwZ9TaIvnocoK4M=
-41,139,Esb+FAP07OwO/e614TuXHuTl/nQ=,jh1I8Hlw4sncxwZ9TaIvnocoK4M=
-37,139,Esb+FAP07OwO/e614TuXHuTl/nQ=,jh1I8Hlw4sncxwZ9TaIvnocoK4M=
-44,133,Esb+FAP07OwO/e614TuXHuTl/nQ=,jh1I8Hlw4sncxwZ9TaIvnocoK4M=
-38,139,Esb+FAP07OwO/e614TuXHuTl/nQ=,jh1I8Hlw4sncxwZ9TaIvnocoK4M=
-33,128,Esb+FAP07OwO/e614TuXHuTl/nQ=,jh1I8Hlw4sncxwZ9TaIvnocoK4M=
-40,139,Esb+FAP07OwO/e614TuXHuTl/nQ=,jh1I8Hlw4sncxwZ9TaIvnocoK4M=
-35,139,Esb+FAP07OwO/e614TuXHuTl/nQ=,jh1I8Hlw4sncxwZ9TaIvnocoK4M=
-36,139,Esb+FAP07OwO/e614TuXHuTl/nQ=,jh1I8Hlw4sncxwZ9TaIvnocoK4M=
-39,139,Esb+FAP07OwO/e614TuXHuTl/nQ=,jh1I8Hlw4sncxwZ9TaIvnocoK4M=
-46,139,Esb+FAP07OwO/e614TuXHuTl/nQ=,jh1I8Hlw4sncxwZ9TaIvnocoK4M=
-44,139,Esb+FAP07OwO/e614TuXHuTl/nQ=,jh1I8Hlw4sncxwZ9TaIvnocoK4M=
-43,139,Esb+FAP07OwO/e614TuXHuTl/nQ=,jh1I8Hlw4sncxwZ9TaIvnocoK4M=
-43,133,Esb+FAP07OwO/e614TuXHuTl/nQ=,jh1I8Hlw4sncxwZ9TaIvnocoK4M=
-42,139,Esb+FAP07OwO/e614TuXHuTl/nQ=,jh1I8Hlw4sncxwZ9TaIvnocoK4M=
-35,129,Esb+FAP07OwO/e614TuXHuTl/nQ=,jh1I8Hlw4sncxwZ9TaIvnocoK4M=
-34,138,Esb+FAP07OwO/e614TuXHuTl/nQ=,jh1I8Hlw4sncxwZ9TaIvnocoK4M=
-45,139,Esb+FAP07OwO/e614TuXHuTl/nQ=,jh1I8Hlw4sncxwZ9TaIvnocoK4M=
-35,138,Esb+FAP07OwO/e614TuXHuTl/nQ=,jh1I8Hlw4sncxwZ9TaIvnocoK4M=
-47,139,Esb+FAP07OwO/e614TuXHuTl/nQ=,jh1I8Hlw4sncxwZ9TaIvnocoK4M=
-48,139,Esb+FAP07OwO/e614TuXHuTl/nQ=,jh1I8Hlw4sncxwZ9TaIvnocoK4M=
-38,138,Esb+FAP07OwO/e614TuXHuTl/nQ=,jh1I8Hlw4sncxwZ9TaIvnocoK4M=
-39,138,Esb+FAP07OwO/e614TuXHuTl/nQ=,jh1I8Hlw4sncxwZ9TaIvnocoK4M=
-37,138,Esb+FAP07OwO/e614TuXHuTl/nQ=,jh1I8Hlw4sncxwZ9TaIvnocoK4M=
-42,133,Esb+FAP07OwO/e614TuXHuTl/nQ=,jh1I8Hlw4sncxwZ9TaIvnocoK4M=
-41,138,Esb+FAP07OwO/e614TuXHuTl/nQ=,jh1I8Hlw4sncxwZ9TaIvnocoK4M=
-40,138,Esb+FAP07OwO/e614TuXHuTl/nQ=,jh1I8Hlw4sncxwZ9TaIvnocoK4M=
-42,138,Esb+FAP07OwO/e614TuXHuTl/nQ=,jh1I8Hlw4sncxwZ9TaIvnocoK4M=
-41,133,Esb+FAP07OwO/e614TuXHuTl/nQ=,jh1I8Hlw4sncxwZ9TaIvnocoK4M=
-43,138,Esb+FAP07OwO/e614TuXHuTl/nQ=,jh1I8Hlw4sncxwZ9TaIvnocoK4M=
-44,138,Esb+FAP07OwO/e614TuXHuTl/nQ=,jh1I8Hlw4sncxwZ9TaIvnocoK4M=
-46,138,Esb+FAP07OwO/e614TuXHuTl/nQ=,jh1I8Hlw4sncxwZ9TaIvnocoK4M=
-33,129,Esb+FAP07OwO/e614TuXHuTl/nQ=,jh1I8Hlw4sncxwZ9TaIvnocoK4M=
-36,138,Esb+FAP07OwO/e614TuXHuTl/nQ=,jh1I8Hlw4sncxwZ9TaIvnocoK4M=
-45,138,Esb+FAP07OwO/e614TuXHuTl/nQ=,jh1I8Hlw4sncxwZ9TaIvnocoK4M=
-35,130,Esb+FAP07OwO/e614TuXHuTl/nQ=,jh1I8Hlw4sncxwZ9TaIvnocoK4M=
-36,129,Esb+FAP07OwO/e614TuXHuTl/nQ=,jh1I8Hlw4sncxwZ9TaIvnocoK4M=
-34,137,Esb+FAP07OwO/e614TuXHuTl/nQ=,jh1I8Hlw4sncxwZ9TaIvnocoK4M=
-47,138,Esb+FAP07OwO/e614TuXHuTl/nQ=,jh1I8Hlw4sncxwZ9TaIvnocoK4M=
-48,138,Esb+FAP07OwO/e614TuXHuTl/nQ=,jh1I8Hlw4sncxwZ9TaIvnocoK4M=
-37,137,Esb+FAP07OwO/e614TuXHuTl/nQ=,jh1I8Hlw4sncxwZ9TaIvnocoK4M=
-40,133,Esb+FAP07OwO/e614TuXHuTl/nQ=,jh1I8Hlw4sncxwZ9TaIvnocoK4M=
-42,137,Esb+FAP07OwO/e614TuXHuTl/nQ=,jh1I8Hlw4sncxwZ9TaIvnocoK4M=
-41,137,Esb+FAP07OwO/e614TuXHuTl/nQ=,jh1I8Hlw4sncxwZ9TaIvnocoK4M=
-39,137,Esb+FAP07OwO/e614TuXHuTl/nQ=,jh1I8Hlw4sncxwZ9TaIvnocoK4M=
-40,137,Esb+FAP07OwO/e614TuXHuTl/nQ=,jh1I8Hlw4sncxwZ9TaIvnocoK4M=
-43,137,Esb+FAP07OwO/e614TuXHuTl/nQ=,jh1I8Hlw4sncxwZ9TaIvnocoK4M=
-34,130,Esb+FAP07OwO/e614TuXHuTl/nQ=,jh1I8Hlw4sncxwZ9TaIvnocoK4M=
-45,137,Esb+FAP07OwO/e614TuXHuTl/nQ=,jh1I8Hlw4sncxwZ9TaIvnocoK4M=
-35,137,Esb+FAP07OwO/e614TuXHuTl/nQ=,jh1I8Hlw4sncxwZ9TaIvnocoK4M=
-44,137,Esb+FAP07OwO/e614TuXHuTl/nQ=,jh1I8Hlw4sncxwZ9TaIvnocoK4M=
-37,129,Esb+FAP07OwO/e614TuXHuTl/nQ=,jh1I8Hlw4sncxwZ9TaIvnocoK4M=
-47,137,Esb+FAP07OwO/e614TuXHuTl/nQ=,jh1I8Hlw4sncxwZ9TaIvnocoK4M=
-36,137,Esb+FAP07OwO/e614TuXHuTl/nQ=,jh1I8Hlw4sncxwZ9TaIvnocoK4M=
-46,137,Esb+FAP07OwO/e614TuXHuTl/nQ=,jh1I8Hlw4sncxwZ9TaIvnocoK4M=
-39,133,Esb+FAP07OwO/e614TuXHuTl/nQ=,jh1I8Hlw4sncxwZ9TaIvnocoK4M=
-34,136,Esb+FAP07OwO/e614TuXHuTl/nQ=,jh1I8Hlw4sncxwZ9TaIvnocoK4M=
-35,136,Esb+FAP07OwO/e614TuXHuTl/nQ=,jh1I8Hlw4sncxwZ9TaIvnocoK4M=
-38,137,Esb+FAP07OwO/e614TuXHuTl/nQ=,jh1I8Hlw4sncxwZ9TaIvnocoK4M=
-37,136,Esb+FAP07OwO/e614TuXHuTl/nQ=,jh1I8Hlw4sncxwZ9TaIvnocoK4M=
-38,136,Esb+FAP07OwO/e614TuXHuTl/nQ=,jh1I8Hlw4sncxwZ9TaIvnocoK4M=
-40,136,Esb+FAP07OwO/e614TuXHuTl/nQ=,jh1I8Hlw4sncxwZ9TaIvnocoK4M=
-38,133,Esb+FAP07OwO/e614TuXHuTl/nQ=,jh1I8Hlw4sncxwZ9TaIvnocoK4M=
-41,136,Esb+FAP07OwO/e614TuXHuTl/nQ=,jh1I8Hlw4sncxwZ9TaIvnocoK4M=
-42,136,Esb+FAP07OwO/e614TuXHuTl/nQ=,jh1I8Hlw4sncxwZ9TaIvnocoK4M=
-43,136,Esb+FAP07OwO/e614TuXHuTl/nQ=,jh1I8Hlw4sncxwZ9TaIvnocoK4M=
-36,130,Esb+FAP07OwO/e614TuXHuTl/nQ=,jh1I8Hlw4sncxwZ9TaIvnocoK4M=
-44,136,Esb+FAP07OwO/e614TuXHuTl/nQ=,jh1I8Hlw4sncxwZ9TaIvnocoK4M=
-36,136,Esb+FAP07OwO/e614TuXHuTl/nQ=,jh1I8Hlw4sncxwZ9TaIvnocoK4M=
-46,136,Esb+FAP07OwO/e614TuXHuTl/nQ=,jh1I8Hlw4sncxwZ9TaIvnocoK4M=
-45,136,Esb+FAP07OwO/e614TuXHuTl/nQ=,jh1I8Hlw4sncxwZ9TaIvnocoK4M=
-39,136,Esb+FAP07OwO/e614TuXHuTl/nQ=,jh1I8Hlw4sncxwZ9TaIvnocoK4M=
-36,135,Esb+FAP07OwO/e614TuXHuTl/nQ=,jh1I8Hlw4sncxwZ9TaIvnocoK4M=
-34,135,Esb+FAP07OwO/e614TuXHuTl/nQ=,jh1I8Hlw4sncxwZ9TaIvnocoK4M=
-39,135,Esb+FAP07OwO/e614TuXHuTl/nQ=,jh1I8Hlw4sncxwZ9TaIvnocoK4M=
-38,135,Esb+FAP07OwO/e614TuXHuTl/nQ=,jh1I8Hlw4sncxwZ9TaIvnocoK4M=
-34,129,Esb+FAP07OwO/e614TuXHuTl/nQ=,jh1I8Hlw4sncxwZ9TaIvnocoK4M=
-37,135,Esb+FAP07OwO/e614TuXHuTl/nQ=,jh1I8Hlw4sncxwZ9TaIvnocoK4M=
-40,135,Esb+FAP07OwO/e614TuXHuTl/nQ=,jh1I8Hlw4sncxwZ9TaIvnocoK4M=
-35,135,Esb+FAP07OwO/e614TuXHuTl/nQ=,jh1I8Hlw4sncxwZ9TaIvnocoK4M=
-38,129,Esb+FAP07OwO/e614TuXHuTl/nQ=,jh1I8Hlw4sncxwZ9TaIvnocoK4M=
-41,135,Esb+FAP07OwO/e614TuXHuTl/nQ=,jh1I8Hlw4sncxwZ9TaIvnocoK4M=
-38,130,Esb+FAP07OwO/e614TuXHuTl/nQ=,jh1I8Hlw4sncxwZ9TaIvnocoK4M=
-42,135,Esb+FAP07OwO/e614TuXHuTl/nQ=,jh1I8Hlw4sncxwZ9TaIvnocoK4M=
-39,129,Esb+FAP07OwO/e614TuXHuTl/nQ=,jh1I8Hlw4sncxwZ9TaIvnocoK4M=
-34,134,Esb+FAP07OwO/e614TuXHuTl/nQ=,jh1I8Hlw4sncxwZ9TaIvnocoK4M=
-45,135,Esb+FAP07OwO/e614TuXHuTl/nQ=,jh1I8Hlw4sncxwZ9TaIvnocoK4M=
-43,135,Esb+FAP07OwO/e614TuXHuTl/nQ=,jh1I8Hlw4sncxwZ9TaIvnocoK4M=
-44,135,Esb+FAP07OwO/e614TuXHuTl/nQ=,jh1I8Hlw4sncxwZ9TaIvnocoK4M=
-46,135,Esb+FAP07OwO/e614TuXHuTl/nQ=,jh1I8Hlw4sncxwZ9TaIvnocoK4M=
-47,135,Esb+FAP07OwO/e614TuXHuTl/nQ=,jh1I8Hlw4sncxwZ9TaIvnocoK4M=
-48,135,Esb+FAP07OwO/e614TuXHuTl/nQ=,jh1I8Hlw4sncxwZ9TaIvnocoK4M=
-35,134,Esb+FAP07OwO/e614TuXHuTl/nQ=,jh1I8Hlw4sncxwZ9TaIvnocoK4M=
-36,134,Esb+FAP07OwO/e614TuXHuTl/nQ=,jh1I8Hlw4sncxwZ9TaIvnocoK4M=
-48,137,Esb+FAP07OwO/e614TuXHuTl/nQ=,jh1I8Hlw4sncxwZ9TaIvnocoK4M=
-37,134,Esb+FAP07OwO/e614TuXHuTl/nQ=,jh1I8Hlw4sncxwZ9TaIvnocoK4M=
-38,134,Esb+FAP07OwO/e614TuXHuTl/nQ=,jh1I8Hlw4sncxwZ9TaIvnocoK4M=
-48,136,Esb+FAP07OwO/e614TuXHuTl/nQ=,jh1I8Hlw4sncxwZ9TaIvnocoK4M=
-41,134,Esb+FAP07OwO/e614TuXHuTl/nQ=,jh1I8Hlw4sncxwZ9TaIvnocoK4M=
-42,134,Esb+FAP07OwO/e614TuXHuTl/nQ=,jh1I8Hlw4sncxwZ9TaIvnocoK4M=
-43,134,Esb+FAP07OwO/e614TuXHuTl/nQ=,jh1I8Hlw4sncxwZ9TaIvnocoK4M=
-39,134,Esb+FAP07OwO/e614TuXHuTl/nQ=,jh1I8Hlw4sncxwZ9TaIvnocoK4M=
-44,134,Esb+FAP07OwO/e614TuXHuTl/nQ=,jh1I8Hlw4sncxwZ9TaIvnocoK4M=
-40,134,Esb+FAP07OwO/e614TuXHuTl/nQ=,jh1I8Hlw4sncxwZ9TaIvnocoK4M=
-39,130,Esb+FAP07OwO/e614TuXHuTl/nQ=,jh1I8Hlw4sncxwZ9TaIvnocoK4M=
-40,129,Esb+FAP07OwO/e614TuXHuTl/nQ=,jh1I8Hlw4sncxwZ9TaIvnocoK4M=
-46,134,Esb+FAP07OwO/e614TuXHuTl/nQ=,jh1I8Hlw4sncxwZ9TaIvnocoK4M=
-45,134,Esb+FAP07OwO/e614TuXHuTl/nQ=,jh1I8Hlw4sncxwZ9TaIvnocoK4M=
-48,134,Esb+FAP07OwO/e614TuXHuTl/nQ=,jh1I8Hlw4sncxwZ9TaIvnocoK4M=
-47,134,Esb+FAP07OwO/e614TuXHuTl/nQ=,jh1I8Hlw4sncxwZ9TaIvnocoK4M=
-34,133,Esb+FAP07OwO/e614TuXHuTl/nQ=,jh1I8Hlw4sncxwZ9TaIvnocoK4M=
-37,133,Esb+FAP07OwO/e614TuXHuTl/nQ=,jh1I8Hlw4sncxwZ9TaIvnocoK4M=
-37,130,Esb+FAP07OwO/e614TuXHuTl/nQ=,jh1I8Hlw4sncxwZ9TaIvnocoK4M=
-35,133,Esb+FAP07OwO/e614TuXHuTl/nQ=,jh1I8Hlw4sncxwZ9TaIvnocoK4M=
-36,133,Esb+FAP07OwO/e614TuXHuTl/nQ=,jh1I8Hlw4sncxwZ9TaIvnocoK4M=
-47,136,Esb+FAP07OwO/e614TuXHuTl/nQ=,jh1I8Hlw4sncxwZ9TaIvnocoK4M=
