2,99,TzhgixaON1hW62l/OArHrwTYSwo=,jzQlunNyQKl3yzx3XC+kjUBW17I=
14,111,TzhgixaON1hW62l/OArHrwTYSwo=,jzQlunNyQKl3yzx3XC+kjUBW17I=
15,111,TzhgixaON1hW62l/OArHrwTYSwo=,jzQlunNyQKl3yzx3XC+kjUBW17I=
1,96,TzhgixaON1hW62l/OArHrwTYSwo=,jzQlunNyQKl3yzx3XC+kjUBW17I=
5,97,TzhgixaON1hW62l/OArHrwTYSwo=,jzQlunNyQKl3yzx3XC+kjUBW17I=
3,96,TzhgixaON1hW62l/OArHrwTYSwo=,jzQlunNyQKl3yzx3XC+kjUBW17I=
13,111,TzhgixaON1hW62l/OArHrwTYSwo=,jzQlunNyQKl3yzx3XC+kjUBW17I=
7,99,TzhgixaON1hW62l/OArHrwTYSwo=,jzQlunNyQKl3yzx3XC+kjUBW17I=
4,98,TzhgixaON1hW62l/OArHrwTYSwo=,jzQlunNyQKl3yzx3XC+kjUBW17I=
10,111,TzhgixaON1hW62l/OArHrwTYSwo=,jzQlunNyQKl3yzx3XC+kjUBW17I=
4,97,TzhgixaON1hW62l/OArHrwTYSwo=,jzQlunNyQKl3yzx3XC+kjUBW17I=
6,98,TzhgixaON1hW62l/OArHrwTYSwo=,jzQlunNyQKl3yzx3XC+kjUBW17I=
12,111,TzhgixaON1hW62l/OArHrwTYSwo=,jzQlunNyQKl3yzx3XC+kjUBW17I=
3,99,TzhgixaON1hW62l/OArHrwTYSwo=,jzQlunNyQKl3yzx3XC+kjUBW17I=
9,111,TzhgixaON1hW62l/OArHrwTYSwo=,jzQlunNyQKl3yzx3XC+kjUBW17I=
6,99,TzhgixaON1hW62l/OArHrwTYSwo=,jzQlunNyQKl3yzx3XC+kjUBW17I=
5,99,TzhgixaON1hW62l/OArHrwTYSwo=,jzQlunNyQKl3yzx3XC+kjUBW17I=
8,111,TzhgixaON1hW62l/OArHrwTYSwo=,jzQlunNyQKl3yzx3XC+kjUBW17I=
4,99,TzhgixaON1hW62l/OArHrwTYSwo=,jzQlunNyQKl3yzx3XC+kjUBW17I=
11,111,TzhgixaON1hW62l/OArHrwTYSwo=,jzQlunNyQKl3yzx3XC+kjUBW17I=
1,99,TzhgixaON1hW62l/OArHrwTYSwo=,jzQlunNyQKl3yzx3XC+kjUBW17I=
6,111,TzhgixaON1hW62l/OArHrwTYSwo=,jzQlunNyQKl3yzx3XC+kjUBW17I=
4,96,TzhgixaON1hW62l/OArHrwTYSwo=,jzQlunNyQKl3yzx3XC+kjUBW17I=
15,110,TzhgixaON1hW62l/OArHrwTYSwo=,jzQlunNyQKl3yzx3XC+kjUBW17I=
1,111,TzhgixaON1hW62l/OArHrwTYSwo=,jzQlunNyQKl3yzx3XC+kjUBW17I=
14,110,TzhgixaON1hW62l/OArHrwTYSwo=,jzQlunNyQKl3yzx3XC+kjUBW17I=
2,111,TzhgixaON1hW62l/OArHrwTYSwo=,jzQlunNyQKl3yzx3XC+kjUBW17I=
12,110,TzhgixaON1hW62l/OArHrwTYSwo=,jzQlunNyQKl3yzx3XC+kjUBW17I=
5,98,TzhgixaON1hW62l/OArHrwTYSwo=,jzQlunNyQKl3yzx3XC+kjUBW17I=
3,111,TzhgixaON1hW62l/OArHrwTYSwo=,jzQlunNyQKl3yzx3XC+kjUBW17I=
0,111,TzhgixaON1hW62l/OArHrwTYSwo=,jzQlunNyQKl3yzx3XC+kjUBW17I=
5,111,TzhgixaON1hW62l/OArHrwTYSwo=,jzQlunNyQKl3yzx3XC+kjUBW17I=
10,110,TzhgixaON1hW62l/OArHrwTYSwo=,jzQlunNyQKl3yzx3XC+kjUBW17I=
11,110,TzhgixaON1hW62l/OArHrwTYSwo=,jzQlunNyQKl3yzx3XC+kjUBW17I=
13,110,TzhgixaON1hW62l/OArHrwTYSwo=,jzQlunNyQKl3yzx3XC+kjUBW17I=
8,110,TzhgixaON1hW62l/OArHrwTYSwo=,jzQlunNyQKl3yzx3XC+kjUBW17I=
3,98,TzhgixaON1hW62l/OArHrwTYSwo=,jzQlunNyQKl3yzx3XC+kjUBW17I=
7,111,TzhgixaON1hW62l/OArHrwTYSwo=,jzQlunNyQKl3yzx3XC+kjUBW17I=
5,96,TzhgixaON1hW62l/OArHrwTYSwo=,jzQlunNyQKl3yzx3XC+kjUBW17I=
9,110,TzhgixaON1hW62l/OArHrwTYSwo=,jzQlunNyQKl3yzx3XC+kjUBW17I=
3,110,TzhgixaON1hW62l/OArHrwTYSwo=,jzQlunNyQKl3yzx3XC+kjUBW17I=
11,109,TzhgixaON1hW62l/OArHrwTYSwo=,jzQlunNyQKl3yzx3XC+kjUBW17I=
2,98,TzhgixaON1hW62l/OArHrwTYSwo=,jzQlunNyQKl3yzx3XC+kjUBW17I=
10,109,TzhgixaON1hW62l/OArHrwTYSwo=,jzQlunNyQKl3yzx3XC+kjUBW17I=
2,110,7p2Ob/ej87avj65fvJ2JNuObFCw=,jzQlunNyQKl3yzx3XC+kjUBW17I=
0,110,TzhgixaON1hW62l/OArHrwTYSwo=,jzQlunNyQKl3yzx3XC+kjUBW17I=
15,109,7p2Ob/ej87avj65fvJ2JNuObFCw=,jzQlunNyQKl3yzx3XC+kjUBW17I=
1,110,7p2Ob/ej87avj65fvJ2JNuObFCw=,jzQlunNyQKl3yzx3XC+kjUBW17I=
7,110,7p2Ob/ej87avj65fvJ2JNuObFCw=,jzQlunNyQKl3yzx3XC+kjUBW17I=
8,99,7p2Ob/ej87avj65fvJ2JNuObFCw=,jzQlunNyQKl3yzx3XC+kjUBW17I=
7,109,7p2Ob/ej87avj65fvJ2JNuObFCw=,jzQlunNyQKl3yzx3XC+kjUBW17I=
4,111,7p2Ob/ej87avj65fvJ2JNuObFCw=,jzQlunNyQKl3yzx3XC+kjUBW17I=
9,109,7p2Ob/ej87avj65fvJ2JNuObFCw=,jzQlunNyQKl3yzx3XC+kjUBW17I=
3,97,7p2Ob/ej87avj65fvJ2JNuObFCw=,jzQlunNyQKl3yzx3XC+kjUBW17I=
5,109,7p2Ob/ej87avj65fvJ2JNuObFCw=,jzQlunNyQKl3yzx3XC+kjUBW17I=
6,110,7p2Ob/ej87avj65fvJ2JNuObFCw=,jzQlunNyQKl3yzx3XC+kjUBW17I=
6,109,7p2Ob/ej87avj65fvJ2JNuObFCw=,jzQlunNyQKl3yzx3XC+kjUBW17I=
12,99,7p2Ob/ej87avj65fvJ2JNuObFCw=,jzQlunNyQKl3yzx3XC+kjUBW17I=
13,99,7p2Ob/ej87avj65fvJ2JNuObFCw=,jzQlunNyQKl3yzx3XC+kjUBW17I=
8,109,7p2Ob/ej87avj65fvJ2JNuObFCw=,jzQlunNyQKl3yzx3XC+kjUBW17I=
4,110,7p2Ob/ej87avj65fvJ2JNuObFCw=,jzQlunNyQKl3yzx3XC+kjUBW17I=
14,99,7p2Ob/ej87avj65fvJ2JNuObFCw=,jzQlunNyQKl3yzx3XC+kjUBW17I=
11,99,7p2Ob/ej87avj65fvJ2JNuObFCw=,jzQlunNyQKl3yzx3XC+kjUBW17I=
15,99,7p2Ob/ej87avj65fvJ2JNuObFCw=,jzQlunNyQKl3yzx3XC+kjUBW17I=
5,110,7p2Ob/ej87avj65fvJ2JNuObFCw=,jzQlunNyQKl3yzx3XC+kjUBW17I=
4,109,7p2Ob/ej87avj65fvJ2JNuObFCw=,jzQlunNyQKl3yzx3XC+kjUBW17I=
7,98,7p2Ob/ej87avj65fvJ2JNuObFCw=,jzQlunNyQKl3yzx3XC+kjUBW17I=
0,100,7p2Ob/ej87avj65fvJ2JNuObFCw=,jzQlunNyQKl3yzx3XC+kjUBW17I=
6,97,7p2Ob/ej87avj65fvJ2JNuObFCw=,jzQlunNyQKl3yzx3XC+kjUBW17I=
2,100,7p2Ob/ej87avj65fvJ2JNuObFCw=,jzQlunNyQKl3yzx3XC+kjUBW17I=
1,100,7p2Ob/ej87avj65fvJ2JNuObFCw=,jzQlunNyQKl3yzx3XC+kjUBW17I=
4,100,7p2Ob/ej87avj65fvJ2JNuObFCw=,jzQlunNyQKl3yzx3XC+kjUBW17I=
10,99,7p2Ob/ej87avj65fvJ2JNuObFCw=,jzQlunNyQKl3yzx3XC+kjUBW17I=
5,100,7p2Ob/ej87avj65fvJ2JNuObFCw=,jzQlunNyQKl3yzx3XC+kjUBW17I=
11,100,7p2Ob/ej87avj65fvJ2JNuObFCw=,jzQlunNyQKl3yzx3XC+kjUBW17I=
12,100,7p2Ob/ej87avj65fvJ2JNuObFCw=,jzQlunNyQKl3yzx3XC+kjUBW17I=
6,96,7p2Ob/ej87avj65fvJ2JNuObFCw=,jzQlunNyQKl3yzx3XC+kjUBW17I=
10,100,7p2Ob/ej87avj65fvJ2JNuObFCw=,jzQlunNyQKl3yzx3XC+kjUBW17I=
9,99,7p2Ob/ej87avj65fvJ2JNuObFCw=,jzQlunNyQKl3yzx3XC+kjUBW17I=
13,100,7p2Ob/ej87avj65fvJ2JNuObFCw=,jzQlunNyQKl3yzx3XC+kjUBW17I=
14,100,7p2Ob/ej87avj65fvJ2JNuObFCw=,jzQlunNyQKl3yzx3XC+kjUBW17I=
3,100,7p2Ob/ej87avj65fvJ2JNuObFCw=,jzQlunNyQKl3yzx3XC+kjUBW17I=
15,100,7p2Ob/ej87avj65fvJ2JNuObFCw=,jzQlunNyQKl3yzx3XC+kjUBW17I=
9,100,7p2Ob/ej87avj65fvJ2JNuObFCw=,jzQlunNyQKl3yzx3XC+kjUBW17I=
6,100,7p2Ob/ej87avj65fvJ2JNuObFCw=,jzQlunNyQKl3yzx3XC+kjUBW17I=
4,101,7p2Ob/ej87avj65fvJ2JNuObFCw=,jzQlunNyQKl3yzx3XC+kjUBW17I=
3,101,7p2Ob/ej87avj65fvJ2JNuObFCw=,jzQlunNyQKl3yzx3XC+kjUBW17I=
7,97,7p2Ob/ej87avj65fvJ2JNuObFCw=,jzQlunNyQKl3yzx3XC+kjUBW17I=
7,100,7p2Ob/ej87avj65fvJ2JNuObFCw=,jzQlunNyQKl3yzx3XC+kjUBW17I=
0,101,7p2Ob/ej87avj65fvJ2JNuObFCw=,jzQlunNyQKl3yzx3XC+kjUBW17I=
7,96,7p2Ob/ej87avj65fvJ2JNuObFCw=,jzQlunNyQKl3yzx3XC+kjUBW17I=
2,101,7p2Ob/ej87avj65fvJ2JNuObFCw=,jzQlunNyQKl3yzx3XC+kjUBW17I=
6,101,7p2Ob/ej87avj65fvJ2JNuObFCw=,jzQlunNyQKl3yzx3XC+kjUBW17I=
9,101,7p2Ob/ej87avj65fvJ2JNuObFCw=,jzQlunNyQKl3yzx3XC+kjUBW17I=
8,98,7p2Ob/ej87avj65fvJ2JNuObFCw=,jzQlunNyQKl3yzx3XC+kjUBW17I=
1,101,7p2Ob/ej87avj65fvJ2JNuObFCw=,jzQlunNyQKl3yzx3XC+kjUBW17I=
5,101,7p2Ob/ej87avj65fvJ2JNuObFCw=,jzQlunNyQKl3yzx3XC+kjUBW17I=
12,101,7p2Ob/ej87avj65fvJ2JNuObFCw=,jzQlunNyQKl3yzx3XC+kjUBW17I=
14,101,7p2Ob/ej87avj65fvJ2JNuObFCw=,jzQlunNyQKl3yzx3XC+kjUBW17I=
10,101,7p2Ob/ej87avj65fvJ2JNuObFCw=,jzQlunNyQKl3yzx3XC+kjUBW17I=
13,101,7p2Ob/ej87avj65fvJ2JNuObFCw=,jzQlunNyQKl3yzx3XC+kjUBW17I=
15,101,7p2Ob/ej87avj65fvJ2JNuObFCw=,jzQlunNyQKl3yzx3XC+kjUBW17I=
11,101,7p2Ob/ej87avj65fvJ2JNuObFCw=,jzQlunNyQKl3yzx3XC+kjUBW17I=
4,102,7p2Ob/ej87avj65fvJ2JNuObFCw=,jzQlunNyQKl3yzx3XC+kjUBW17I=
8,97,7p2Ob/ej87avj65fvJ2JNuObFCw=,jzQlunNyQKl3yzx3XC+kjUBW17I=
7,102,7p2Ob/ej87avj65fvJ2JNuObFCw=,jzQlunNyQKl3yzx3XC+kjUBW17I=
8,100,7p2Ob/ej87avj65fvJ2JNuObFCw=,jzQlunNyQKl3yzx3XC+kjUBW17I=
5,102,7p2Ob/ej87avj65fvJ2JNuObFCw=,jzQlunNyQKl3yzx3XC+kjUBW17I=
3,102,7p2Ob/ej87avj65fvJ2JNuObFCw=,jzQlunNyQKl3yzx3XC+kjUBW17I=
9,102,7p2Ob/ej87avj65fvJ2JNuObFCw=,jzQlunNyQKl3yzx3XC+kjUBW17I=
8,102,7p2Ob/ej87avj65fvJ2JNuObFCw=,jzQlunNyQKl3yzx3XC+kjUBW17I=
10,102,7p2Ob/ej87avj65fvJ2JNuObFCw=,jzQlunNyQKl3yzx3XC+kjUBW17I=
0,102,7p2Ob/ej87avj65fvJ2JNuObFCw=,jzQlunNyQKl3yzx3XC+kjUBW17I=
12,102,7p2Ob/ej87avj65fvJ2JNuObFCw=,jzQlunNyQKl3yzx3XC+kjUBW17I=
1,102,7p2Ob/ej87avj65fvJ2JNuObFCw=,jzQlunNyQKl3yzx3XC+kjUBW17I=
11,102,7p2Ob/ej87avj65fvJ2JNuObFCw=,jzQlunNyQKl3yzx3XC+kjUBW17I=
13,102,7p2Ob/ej87avj65fvJ2JNuObFCw=,jzQlunNyQKl3yzx3XC+kjUBW17I=
14,102,7p2Ob/ej87avj65fvJ2JNuObFCw=,jzQlunNyQKl3yzx3XC+kjUBW17I=
2,102,7p2Ob/ej87avj65fvJ2JNuObFCw=,jzQlunNyQKl3yzx3XC+kjUBW17I=
15,102,7p2Ob/ej87avj65fvJ2JNuObFCw=,jzQlunNyQKl3yzx3XC+kjUBW17I=
6,102,7p2Ob/ej87avj65fvJ2JNuObFCw=,jzQlunNyQKl3yzx3XC+kjUBW17I=
7,103,7p2Ob/ej87avj65fvJ2JNuObFCw=,jzQlunNyQKl3yzx3XC+kjUBW17I=
8,103,7p2Ob/ej87avj65fvJ2JNuObFCw=,jzQlunNyQKl3yzx3XC+kjUBW17I=
5,103,7p2Ob/ej87avj65fvJ2JNuObFCw=,jzQlunNyQKl3yzx3XC+kjUBW17I=
0,103,7p2Ob/ej87avj65fvJ2JNuObFCw=,jzQlunNyQKl3yzx3XC+kjUBW17I=
1,103,7p2Ob/ej87avj65fvJ2JNuObFCw=,jzQlunNyQKl3yzx3XC+kjUBW17I=
6,103,7p2Ob/ej87avj65fvJ2JNuObFCw=,jzQlunNyQKl3yzx3XC+kjUBW17I=
4,103,7p2Ob/ej87avj65fvJ2JNuObFCw=,jzQlunNyQKl3yzx3XC+kjUBW17I=
10,103,7p2Ob/ej87avj65fvJ2JNuObFCw=,jzQlunNyQKl3yzx3XC+kjUBW17I=
8,101,7p2Ob/ej87avj65fvJ2JNuObFCw=,jzQlunNyQKl3yzx3XC+kjUBW17I=
9,103,7p2Ob/ej87avj65fvJ2JNuObFCw=,jzQlunNyQKl3yzx3XC+kjUBW17I=
8,96,7p2Ob/ej87avj65fvJ2JNuObFCw=,jzQlunNyQKl3yzx3XC+kjUBW17I=
9,98,7p2Ob/ej87avj65fvJ2JNuObFCw=,jzQlunNyQKl3yzx3XC+kjUBW17I=
15,103,7p2Ob/ej87avj65fvJ2JNuObFCw=,jzQlunNyQKl3yzx3XC+kjUBW17I=
11,103,7p2Ob/ej87avj65fvJ2JNuObFCw=,jzQlunNyQKl3yzx3XC+kjUBW17I=
12,103,7p2Ob/ej87avj65fvJ2JNuObFCw=,jzQlunNyQKl3yzx3XC+kjUBW17I=
2,103,7p2Ob/ej87avj65fvJ2JNuObFCw=,jzQlunNyQKl3yzx3XC+kjUBW17I=
7,101,7p2Ob/ej87avj65fvJ2JNuObFCw=,jzQlunNyQKl3yzx3XC+kjUBW17I=
10,98,7p2Ob/ej87avj65fvJ2JNuObFCw=,jzQlunNyQKl3yzx3XC+kjUBW17I=
1,104,7p2Ob/ej87avj65fvJ2JNuObFCw=,jzQlunNyQKl3yzx3XC+kjUBW17I=
2,104,7p2Ob/ej87avj65fvJ2JNuObFCw=,jzQlunNyQKl3yzx3XC+kjUBW17I=
6,104,7p2Ob/ej87avj65fvJ2JNuObFCw=,jzQlunNyQKl3yzx3XC+kjUBW17I=
7,104,7p2Ob/ej87avj65fvJ2JNuObFCw=,jzQlunNyQKl3yzx3XC+kjUBW17I=
9,104,7p2Ob/ej87avj65fvJ2JNuObFCw=,jzQlunNyQKl3yzx3XC+kjUBW17I=
14,103,7p2Ob/ej87avj65fvJ2JNuObFCw=,jzQlunNyQKl3yzx3XC+kjUBW17I=
8,104,7p2Ob/ej87avj65fvJ2JNuObFCw=,jzQlunNyQKl3yzx3XC+kjUBW17I=
9,97,7p2Ob/ej87avj65fvJ2JNuObFCw=,jzQlunNyQKl3yzx3XC+kjUBW17I=
13,103,7p2Ob/ej87avj65fvJ2JNuObFCw=,jzQlunNyQKl3yzx3XC+kjUBW17I=
15,104,7p2Ob/ej87avj65fvJ2JNuObFCw=,jzQlunNyQKl3yzx3XC+kjUBW17I=
3,103,7p2Ob/ej87avj65fvJ2JNuObFCw=,jzQlunNyQKl3yzx3XC+kjUBW17I=
14,104,7p2Ob/ej87avj65fvJ2JNuObFCw=,jzQlunNyQKl3yzx3XC+kjUBW17I=
4,104,7p2Ob/ej87avj65fvJ2JNuObFCw=,jzQlunNyQKl3yzx3XC+kjUBW17I=
9,96,7p2Ob/ej87avj65fvJ2JNuObFCw=,jzQlunNyQKl3yzx3XC+kjUBW17I=
0,104,7p2Ob/ej87avj65fvJ2JNuObFCw=,jzQlunNyQKl3yzx3XC+kjUBW17I=
3,104,7p2Ob/ej87avj65fvJ2JNuObFCw=,jzQlunNyQKl3yzx3XC+kjUBW17I=
12,104,7p2Ob/ej87avj65fvJ2JNuObFCw=,jzQlunNyQKl3yzx3XC+kjUBW17I=
5,104,7p2Ob/ej87avj65fvJ2JNuObFCw=,jzQlunNyQKl3yzx3XC+kjUBW17I=
8,105,7p2Ob/ej87avj65fvJ2JNuObFCw=,jzQlunNyQKl3yzx3XC+kjUBW17I=
7,105,7p2Ob/ej87avj65fvJ2JNuObFCw=,jzQlunNyQKl3yzx3XC+kjUBW17I=
3,105,7p2Ob/ej87avj65fvJ2JNuObFCw=,jzQlunNyQKl3yzx3XC+kjUBW17I=
10,96,7p2Ob/ej87avj65fvJ2JNuObFCw=,jzQlunNyQKl3yzx3XC+kjUBW17I=
10,104,7p2Ob/ej87avj65fvJ2JNuObFCw=,jzQlunNyQKl3yzx3XC+kjUBW17I=
11,104,7p2Ob/ej87avj65fvJ2JNuObFCw=,jzQlunNyQKl3yzx3XC+kjUBW17I=
9,105,7p2Ob/ej87avj65fvJ2JNuObFCw=,jzQlunNyQKl3yzx3XC+kjUBW17I=
12,98,7p2Ob/ej87avj65fvJ2JNuObFCw=,jzQlunNyQKl3yzx3XC+kjUBW17I=
13,98,7p2Ob/ej87avj65fvJ2JNuObFCw=,jzQlunNyQKl3yzx3XC+kjUBW17I=
11,98,7p2Ob/ej87avj65fvJ2JNuObFCw=,jzQlunNyQKl3yzx3XC+kjUBW17I=
10,97,7p2Ob/ej87avj65fvJ2JNuObFCw=,jzQlunNyQKl3yzx3XC+kjUBW17I=
6,105,7p2Ob/ej87avj65fvJ2JNuObFCw=,jzQlunNyQKl3yzx3XC+kjUBW17I=
5,105,7p2Ob/ej87avj65fvJ2JNuObFCw=,jzQlunNyQKl3yzx3XC+kjUBW17I=
13,104,7p2Ob/ej87avj65fvJ2JNuObFCw=,jzQlunNyQKl3yzx3XC+kjUBW17I=
10,105,7p2Ob/ej87avj65fvJ2JNuObFCw=,jzQlunNyQKl3yzx3XC+kjUBW17I=
12,105,7p2Ob/ej87avj65fvJ2JNuObFCw=,jzQlunNyQKl3yzx3XC+kjUBW17I=
11,105,7p2Ob/ej87avj65fvJ2JNuObFCw=,jzQlunNyQKl3yzx3XC+kjUBW17I=
15,105,7p2Ob/ej87avj65fvJ2JNuObFCw=,jzQlunNyQKl3yzx3XC+kjUBW17I=
13,105,7p2Ob/ej87avj65fvJ2JNuObFCw=,jzQlunNyQKl3yzx3XC+kjUBW17I=
14,105,7p2Ob/ej87avj65fvJ2JNuObFCw=,jzQlunNyQKl3yzx3XC+kjUBW17I=
1,105,7p2Ob/ej87avj65fvJ2JNuObFCw=,jzQlunNyQKl3yzx3XC+kjUBW17I=
11,97,7p2Ob/ej87avj65fvJ2JNuObFCw=,jzQlunNyQKl3yzx3XC+kjUBW17I=
10,106,7p2Ob/ej87avj65fvJ2JNuObFCw=,jzQlunNyQKl3yzx3XC+kjUBW17I=
11,106,7p2Ob/ej87avj65fvJ2JNuObFCw=,jzQlunNyQKl3yzx3XC+kjUBW17I=
4,105,7p2Ob/ej87avj65fvJ2JNuObFCw=,jzQlunNyQKl3yzx3XC+kjUBW17I=
12,106,7p2Ob/ej87avj65fvJ2JNuObFCw=,jzQlunNyQKl3yzx3XC+kjUBW17I=
14,106,7p2Ob/ej87avj65fvJ2JNuObFCw=,jzQlunNyQKl3yzx3XC+kjUBW17I=
2,106,7p2Ob/ej87avj65fvJ2JNuObFCw=,jzQlunNyQKl3yzx3XC+kjUBW17I=
2,105,7p2Ob/ej87avj65fvJ2JNuObFCw=,jzQlunNyQKl3yzx3XC+kjUBW17I=
5,106,7p2Ob/ej87avj65fvJ2JNuObFCw=,jzQlunNyQKl3yzx3XC+kjUBW17I=
8,106,7p2Ob/ej87avj65fvJ2JNuObFCw=,jzQlunNyQKl3yzx3XC+kjUBW17I=
3,106,7p2Ob/ej87avj65fvJ2JNuObFCw=,jzQlunNyQKl3yzx3XC+kjUBW17I=
12,97,7p2Ob/ej87avj65fvJ2JNuObFCw=,jzQlunNyQKl3yzx3XC+kjUBW17I=
9,106,7p2Ob/ej87avj65fvJ2JNuObFCw=,jzQlunNyQKl3yzx3XC+kjUBW17I=
12,96,7p2Ob/ej87avj65fvJ2JNuObFCw=,jzQlunNyQKl3yzx3XC+kjUBW17I=
13,106,7p2Ob/ej87avj65fvJ2JNuObFCw=,jzQlunNyQKl3yzx3XC+kjUBW17I=
11,96,7p2Ob/ej87avj65fvJ2JNuObFCw=,jzQlunNyQKl3yzx3XC+kjUBW17I=
6,106,7p2Ob/ej87avj65fvJ2JNuObFCw=,jzQlunNyQKl3yzx3XC+kjUBW17I=
15,106,7p2Ob/ej87avj65fvJ2JNuObFCw=,jzQlunNyQKl3yzx3XC+kjUBW17I=
0,96,7p2Ob/ej87avj65fvJ2JNuObFCw=,jzQlunNyQKl3yzx3XC+kjUBW17I=
14,98,7p2Ob/ej87avj65fvJ2JNuObFCw=,jzQlunNyQKl3yzx3XC+kjUBW17I=
15,97,7p2Ob/ej87avj65fvJ2JNuObFCw=,jzQlunNyQKl3yzx3XC+kjUBW17I=
1,106,7p2Ob/ej87avj65fvJ2JNuObFCw=,jzQlunNyQKl3yzx3XC+kjUBW17I=
6,107,7p2Ob/ej87avj65fvJ2JNuObFCw=,jzQlunNyQKl3yzx3XC+kjUBW17I=
0,106,7p2Ob/ej87avj65fvJ2JNuObFCw=,jzQlunNyQKl3yzx3XC+kjUBW17I=
15,98,7p2Ob/ej87avj65fvJ2JNuObFCw=,jzQlunNyQKl3yzx3XC+kjUBW17I=
11,107,7p2Ob/ej87avj65fvJ2JNuObFCw=,jzQlunNyQKl3yzx3XC+kjUBW17I=
4,106,7p2Ob/ej87avj65fvJ2JNuObFCw=,jzQlunNyQKl3yzx3XC+kjUBW17I=
7,106,7p2Ob/ej87avj65fvJ2JNuObFCw=,jzQlunNyQKl3yzx3XC+kjUBW17I=
7,107,7p2Ob/ej87avj65fvJ2JNuObFCw=,jzQlunNyQKl3yzx3XC+kjUBW17I=
10,107,7p2Ob/ej87avj65fvJ2JNuObFCw=,jzQlunNyQKl3yzx3XC+kjUBW17I=
12,107,7p2Ob/ej87avj65fvJ2JNuObFCw=,jzQlunNyQKl3yzx3XC+kjUBW17I=
14,96,7p2Ob/ej87avj65fvJ2JNuObFCw=,jzQlunNyQKl3yzx3XC+kjUBW17I=
1,107,7p2Ob/ej87avj65fvJ2JNuObFCw=,jzQlunNyQKl3yzx3XC+kjUBW17I=
0,107,7p2Ob/ej87avj65fvJ2JNuObFCw=,jzQlunNyQKl3yzx3XC+kjUBW17I=
3,107,7p2Ob/ej87avj65fvJ2JNuObFCw=,jzQlunNyQKl3yzx3XC+kjUBW17I=
2,107,7p2Ob/ej87avj65fvJ2JNuObFCw=,jzQlunNyQKl3yzx3XC+kjUBW17I=
8,107,7p2Ob/ej87avj65fvJ2JNuObFCw=,jzQlunNyQKl3yzx3XC+kjUBW17I=
4,107,7p2Ob/ej87avj65fvJ2JNuObFCw=,jzQlunNyQKl3yzx3XC+kjUBW17I=
13,96,7p2Ob/ej87avj65fvJ2JNuObFCw=,jzQlunNyQKl3yzx3XC+kjUBW17I=
5,107,7p2Ob/ej87avj65fvJ2JNuObFCw=,jzQlunNyQKl3yzx3XC+kjUBW17I=
15,96,7p2Ob/ej87avj65fvJ2JNuObFCw=,jzQlunNyQKl3yzx3XC+kjUBW17I=
0,97,7p2Ob/ej87avj65fvJ2JNuObFCw=,jzQlunNyQKl3yzx3XC+kjUBW17I=
13,97,7p2Ob/ej87avj65fvJ2JNuObFCw=,jzQlunNyQKl3yzx3XC+kjUBW17I=
1,97,7p2Ob/ej87avj65fvJ2JNuObFCw=,jzQlunNyQKl3yzx3XC+kjUBW17I=
5,108,7p2Ob/ej87avj65fvJ2JNuObFCw=,jzQlunNyQKl3yzx3XC+kjUBW17I=
6,108,7p2Ob/ej87avj65fvJ2JNuObFCw=,jzQlunNyQKl3yzx3XC+kjUBW17I=
0,108,7p2Ob/ej87avj65fvJ2JNuObFCw=,jzQlunNyQKl3yzx3XC+kjUBW17I=
7,108,7p2Ob/ej87avj65fvJ2JNuObFCw=,jzQlunNyQKl3yzx3XC+kjUBW17I=
12,108,7p2Ob/ej87avj65fvJ2JNuObFCw=,jzQlunNyQKl3yzx3XC+kjUBW17I=
9,108,7p2Ob/ej87avj65fvJ2JNuObFCw=,jzQlunNyQKl3yzx3XC+kjUBW17I=
11,108,7p2Ob/ej87avj65fvJ2JNuObFCw=,jzQlunNyQKl3yzx3XC+kjUBW17I=
3,108,7p2Ob/ej87avj65fvJ2JNuObFCw=,jzQlunNyQKl3yzx3XC+kjUBW17I=
13,108,7p2Ob/ej87avj65fvJ2JNuObFCw=,jzQlunNyQKl3yzx3XC+kjUBW17I=
4,108,7p2Ob/ej87avj65fvJ2JNuObFCw=,jzQlunNyQKl3yzx3XC+kjUBW17I=
2,108,7p2Ob/ej87avj65fvJ2JNuObFCw=,jzQlunNyQKl3yzx3XC+kjUBW17I=
13,109,7p2Ob/ej87avj65fvJ2JNuObFCw=,jzQlunNyQKl3yzx3XC+kjUBW17I=
10,108,7p2Ob/ej87avj65fvJ2JNuObFCw=,jzQlunNyQKl3yzx3XC+kjUBW17I=
14,109,7p2Ob/ej87avj65fvJ2JNuObFCw=,jzQlunNyQKl3yzx3XC+kjUBW17I=
14,107,7p2Ob/ej87avj65fvJ2JNuObFCw=,jzQlunNyQKl3yzx3XC+kjUBW17I=
15,107,7p2Ob/ej87avj65fvJ2JNuObFCw=,jzQlunNyQKl3yzx3XC+kjUBW17I=
14,108,7p2Ob/ej87avj65fvJ2JNuObFCw=,jzQlunNyQKl3yzx3XC+kjUBW17I=
14,97,7p2Ob/ej87avj65fvJ2JNuObFCw=,jzQlunNyQKl3yzx3XC+kjUBW17I=
0,99,7p2Ob/ej87avj65fvJ2JNuObFCw=,jzQlunNyQKl3yzx3XC+kjUBW17I=
0,105,7p2Ob/ej87avj65fvJ2JNuObFCw=,jzQlunNyQKl3yzx3XC+kjUBW17I=
8,108,7p2Ob/ej87avj65fvJ2JNuObFCw=,jzQlunNyQKl3yzx3XC+kjUBW17I=
9,107,7p2Ob/ej87avj65fvJ2JNuObFCw=,jzQlunNyQKl3yzx3XC+kjUBW17I=
13,107,7p2Ob/ej87avj65fvJ2JNuObFCw=,jzQlunNyQKl3yzx3XC+kjUBW17I=
0,98,7p2Ob/ej87avj65fvJ2JNuObFCw=,jzQlunNyQKl3yzx3XC+kjUBW17I=
2,96,7p2Ob/ej87avj65fvJ2JNuObFCw=,jzQlunNyQKl3yzx3XC+kjUBW17I=
15,108,7p2Ob/ej87avj65fvJ2JNuObFCw=,jzQlunNyQKl3yzx3XC+kjUBW17I=
12,109,7p2Ob/ej87avj65fvJ2JNuObFCw=,jzQlunNyQKl3yzx3XC+kjUBW17I=
2,97,7p2Ob/ej87avj65fvJ2JNuObFCw=,jzQlunNyQKl3yzx3XC+kjUBW17I=
1,98,7p2Ob/ej87avj65fvJ2JNuObFCw=,jzQlunNyQKl3yzx3XC+kjUBW17I=
1,108,7p2Ob/ej87avj65fvJ2JNuObFCw=,jzQlunNyQKl3yzx3XC+kjUBW17I=
1,109,7p2Ob/ej87avj65fvJ2JNuObFCw=,jzQlunNyQKl3yzx3XC+kjUBW17I=
3,109,7p2Ob/ej87avj65fvJ2JNuObFCw=,jzQlunNyQKl3yzx3XC+kjUBW17I=
2,109,7p2Ob/ej87avj65fvJ2JNuObFCw=,jzQlunNyQKl3yzx3XC+kjUBW17I=
0,109,7p2Ob/ej87avj65fvJ2JNuObFCw=,jzQlunNyQKl3yzx3XC+kjUBW17I=
6,115,JXv3kKkliAmrQ9KWHvc+T3Yvmzs=,2JwnXusdzBUdRG+5OCAP9qo7hDU=
7,115,JXv3kKkliAmrQ9KWHvc+T3Yvmzs=,2JwnXusdzBUdRG+5OCAP9qo7hDU=
3,115,JXv3kKkliAmrQ9KWHvc+T3Yvmzs=,2JwnXusdzBUdRG+5OCAP9qo7hDU=
2,115,JXv3kKkliAmrQ9KWHvc+T3Yvmzs=,2JwnXusdzBUdRG+5OCAP9qo7hDU=
4,113,JXv3kKkliAmrQ9KWHvc+T3Yvmzs=,2JwnXusdzBUdRG+5OCAP9qo7hDU=
5,112,JXv3kKkliAmrQ9KWHvc+T3Yvmzs=,2JwnXusdzBUdRG+5OCAP9qo7hDU=
1,112,JXv3kKkliAmrQ9KWHvc+T3Yvmzs=,2JwnXusdzBUdRG+5OCAP9qo7hDU=
5,113,JXv3kKkliAmrQ9KWHvc+T3Yvmzs=,2JwnXusdzBUdRG+5OCAP9qo7hDU=
8,115,JXv3kKkliAmrQ9KWHvc+T3Yvmzs=,2JwnXusdzBUdRG+5OCAP9qo7hDU=
4,115,JXv3kKkliAmrQ9KWHvc+T3Yvmzs=,2JwnXusdzBUdRG+5OCAP9qo7hDU=
5,115,JXv3kKkliAmrQ9KWHvc+T3Yvmzs=,2JwnXusdzBUdRG+5OCAP9qo7hDU=
5,114,JXv3kKkliAmrQ9KWHvc+T3Yvmzs=,2JwnXusdzBUdRG+5OCAP9qo7hDU=
15,127,JXv3kKkliAmrQ9KWHvc+T3Yvmzs=,2JwnXusdzBUdRG+5OCAP9qo7hDU=
13,127,JXv3kKkliAmrQ9KWHvc+T3Yvmzs=,2JwnXusdzBUdRG+5OCAP9qo7hDU=
4,114,JXv3kKkliAmrQ9KWHvc+T3Yvmzs=,2JwnXusdzBUdRG+5OCAP9qo7hDU=
12,127,JXv3kKkliAmrQ9KWHvc+T3Yvmzs=,2JwnXusdzBUdRG+5OCAP9qo7hDU=
8,127,JXv3kKkliAmrQ9KWHvc+T3Yvmzs=,2JwnXusdzBUdRG+5OCAP9qo7hDU=
14,127,JXv3kKkliAmrQ9KWHvc+T3Yvmzs=,2JwnXusdzBUdRG+5OCAP9qo7hDU=
5,127,JXv3kKkliAmrQ9KWHvc+T3Yvmzs=,2JwnXusdzBUdRG+5OCAP9qo7hDU=
6,127,JXv3kKkliAmrQ9KWHvc+T3Yvmzs=,2JwnXusdzBUdRG+5OCAP9qo7hDU=
11,127,JXv3kKkliAmrQ9KWHvc+T3Yvmzs=,2JwnXusdzBUdRG+5OCAP9qo7hDU=
3,127,JXv3kKkliAmrQ9KWHvc+T3Yvmzs=,2JwnXusdzBUdRG+5OCAP9qo7hDU=
4,127,JXv3kKkliAmrQ9KWHvc+T3Yvmzs=,2JwnXusdzBUdRG+5OCAP9qo7hDU=
10,127,JXv3kKkliAmrQ9KWHvc+T3Yvmzs=,2JwnXusdzBUdRG+5OCAP9qo7hDU=
3,112,JXv3kKkliAmrQ9KWHvc+T3Yvmzs=,2JwnXusdzBUdRG+5OCAP9qo7hDU=
7,127,JXv3kKkliAmrQ9KWHvc+T3Yvmzs=,2JwnXusdzBUdRG+5OCAP9qo7hDU=
9,127,JXv3kKkliAmrQ9KWHvc+T3Yvmzs=,2JwnXusdzBUdRG+5OCAP9qo7hDU=
9,115,JXv3kKkliAmrQ9KWHvc+T3Yvmzs=,2JwnXusdzBUdRG+5OCAP9qo7hDU=
2,127,JXv3kKkliAmrQ9KWHvc+T3Yvmzs=,2JwnXusdzBUdRG+5OCAP9qo7hDU=
6,114,JXv3kKkliAmrQ9KWHvc+T3Yvmzs=,2JwnXusdzBUdRG+5OCAP9qo7hDU=
1,127,JXv3kKkliAmrQ9KWHvc+T3Yvmzs=,2JwnXusdzBUdRG+5OCAP9qo7hDU=
1,115,JXv3kKkliAmrQ9KWHvc+T3Yvmzs=,2JwnXusdzBUdRG+5OCAP9qo7hDU=
10,126,JXv3kKkliAmrQ9KWHvc+T3Yvmzs=,2JwnXusdzBUdRG+5OCAP9qo7hDU=
13,126,JXv3kKkliAmrQ9KWHvc+T3Yvmzs=,2JwnXusdzBUdRG+5OCAP9qo7hDU=
3,114,JXv3kKkliAmrQ9KWHvc+T3Yvmzs=,2JwnXusdzBUdRG+5OCAP9qo7hDU=
14,126,JXv3kKkliAmrQ9KWHvc+T3Yvmzs=,2JwnXusdzBUdRG+5OCAP9qo7hDU=
0,127,JXv3kKkliAmrQ9KWHvc+T3Yvmzs=,2JwnXusdzBUdRG+5OCAP9qo7hDU=
9,126,JXv3kKkliAmrQ9KWHvc+T3Yvmzs=,2JwnXusdzBUdRG+5OCAP9qo7hDU=
7,126,JXv3kKkliAmrQ9KWHvc+T3Yvmzs=,2JwnXusdzBUdRG+5OCAP9qo7hDU=
2,126,JXv3kKkliAmrQ9KWHvc+T3Yvmzs=,2JwnXusdzBUdRG+5OCAP9qo7hDU=
5,126,JXv3kKkliAmrQ9KWHvc+T3Yvmzs=,2JwnXusdzBUdRG+5OCAP9qo7hDU=
3,126,JXv3kKkliAmrQ9KWHvc+T3Yvmzs=,2JwnXusdzBUdRG+5OCAP9qo7hDU=
1,126,JXv3kKkliAmrQ9KWHvc+T3Yvmzs=,2JwnXusdzBUdRG+5OCAP9qo7hDU=
10,115,JXv3kKkliAmrQ9KWHvc+T3Yvmzs=,2JwnXusdzBUdRG+5OCAP9qo7hDU=
3,113,JXv3kKkliAmrQ9KWHvc+T3Yvmzs=,2JwnXusdzBUdRG+5OCAP9qo7hDU=
8,126,JXv3kKkliAmrQ9KWHvc+T3Yvmzs=,2JwnXusdzBUdRG+5OCAP9qo7hDU=
11,126,JXv3kKkliAmrQ9KWHvc+T3Yvmzs=,2JwnXusdzBUdRG+5OCAP9qo7hDU=
0,126,JXv3kKkliAmrQ9KWHvc+T3Yvmzs=,2JwnXusdzBUdRG+5OCAP9qo7hDU=
4,126,JXv3kKkliAmrQ9KWHvc+T3Yvmzs=,2JwnXusdzBUdRG+5OCAP9qo7hDU=
12,126,JXv3kKkliAmrQ9KWHvc+T3Yvmzs=,2JwnXusdzBUdRG+5OCAP9qo7hDU=
4,125,JXv3kKkliAmrQ9KWHvc+T3Yvmzs=,2JwnXusdzBUdRG+5OCAP9qo7hDU=
2,114,JXv3kKkliAmrQ9KWHvc+T3Yvmzs=,2JwnXusdzBUdRG+5OCAP9qo7hDU=
5,125,JXv3kKkliAmrQ9KWHvc+T3Yvmzs=,2JwnXusdzBUdRG+5OCAP9qo7hDU=
6,126,JXv3kKkliAmrQ9KWHvc+T3Yvmzs=,2JwnXusdzBUdRG+5OCAP9qo7hDU=
6,125,JXv3kKkliAmrQ9KWHvc+T3Yvmzs=,2JwnXusdzBUdRG+5OCAP9qo7hDU=
4,112,JXv3kKkliAmrQ9KWHvc+T3Yvmzs=,2JwnXusdzBUdRG+5OCAP9qo7hDU=
10,125,JXv3kKkliAmrQ9KWHvc+T3Yvmzs=,2JwnXusdzBUdRG+5OCAP9qo7hDU=
14,125,JXv3kKkliAmrQ9KWHvc+T3Yvmzs=,2JwnXusdzBUdRG+5OCAP9qo7hDU=
11,115,JXv3kKkliAmrQ9KWHvc+T3Yvmzs=,2JwnXusdzBUdRG+5OCAP9qo7hDU=
15,126,JXv3kKkliAmrQ9KWHvc+T3Yvmzs=,2JwnXusdzBUdRG+5OCAP9qo7hDU=
7,125,JXv3kKkliAmrQ9KWHvc+T3Yvmzs=,2JwnXusdzBUdRG+5OCAP9qo7hDU=
13,125,JXv3kKkliAmrQ9KWHvc+T3Yvmzs=,2JwnXusdzBUdRG+5OCAP9qo7hDU=
2,125,JXv3kKkliAmrQ9KWHvc+T3Yvmzs=,2JwnXusdzBUdRG+5OCAP9qo7hDU=
8,125,JXv3kKkliAmrQ9KWHvc+T3Yvmzs=,2JwnXusdzBUdRG+5OCAP9qo7hDU=
11,125,JXv3kKkliAmrQ9KWHvc+T3Yvmzs=,2JwnXusdzBUdRG+5OCAP9qo7hDU=
3,125,JXv3kKkliAmrQ9KWHvc+T3Yvmzs=,2JwnXusdzBUdRG+5OCAP9qo7hDU=
0,125,JXv3kKkliAmrQ9KWHvc+T3Yvmzs=,2JwnXusdzBUdRG+5OCAP9qo7hDU=
9,125,JXv3kKkliAmrQ9KWHvc+T3Yvmzs=,2JwnXusdzBUdRG+5OCAP9qo7hDU=
12,124,JXv3kKkliAmrQ9KWHvc+T3Yvmzs=,2JwnXusdzBUdRG+5OCAP9qo7hDU=
1,125,JXv3kKkliAmrQ9KWHvc+T3Yvmzs=,2JwnXusdzBUdRG+5OCAP9qo7hDU=
5,124,JXv3kKkliAmrQ9KWHvc+T3Yvmzs=,2JwnXusdzBUdRG+5OCAP9qo7hDU=
2,113,JXv3kKkliAmrQ9KWHvc+T3Yvmzs=,2JwnXusdzBUdRG+5OCAP9qo7hDU=
14,124,JXv3kKkliAmrQ9KWHvc+T3Yvmzs=,2JwnXusdzBUdRG+5OCAP9qo7hDU=
15,124,JXv3kKkliAmrQ9KWHvc+T3Yvmzs=,2JwnXusdzBUdRG+5OCAP9qo7hDU=
13,124,JXv3kKkliAmrQ9KWHvc+T3Yvmzs=,2JwnXusdzBUdRG+5OCAP9qo7hDU=
12,125,JXv3kKkliAmrQ9KWHvc+T3Yvmzs=,2JwnXusdzBUdRG+5OCAP9qo7hDU=
15,125,JXv3kKkliAmrQ9KWHvc+T3Yvmzs=,2JwnXusdzBUdRG+5OCAP9qo7hDU=
1,114,JXv3kKkliAmrQ9KWHvc+T3Yvmzs=,2JwnXusdzBUdRG+5OCAP9qo7hDU=
6,124,JXv3kKkliAmrQ9KWHvc+T3Yvmzs=,2JwnXusdzBUdRG+5OCAP9qo7hDU=
4,124,JXv3kKkliAmrQ9KWHvc+T3Yvmzs=,2JwnXusdzBUdRG+5OCAP9qo7hDU=
11,124,JXv3kKkliAmrQ9KWHvc+T3Yvmzs=,2JwnXusdzBUdRG+5OCAP9qo7hDU=
7,124,JXv3kKkliAmrQ9KWHvc+T3Yvmzs=,2JwnXusdzBUdRG+5OCAP9qo7hDU=
9,124,JXv3kKkliAmrQ9KWHvc+T3Yvmzs=,2JwnXusdzBUdRG+5OCAP9qo7hDU=
8,124,JXv3kKkliAmrQ9KWHvc+T3Yvmzs=,2JwnXusdzBUdRG+5OCAP9qo7hDU=
10,124,JXv3kKkliAmrQ9KWHvc+T3Yvmzs=,2JwnXusdzBUdRG+5OCAP9qo7hDU=
3,124,JXv3kKkliAmrQ9KWHvc+T3Yvmzs=,2JwnXusdzBUdRG+5OCAP9qo7hDU=
12,115,JXv3kKkliAmrQ9KWHvc+T3Yvmzs=,2JwnXusdzBUdRG+5OCAP9qo7hDU=
1,124,JXv3kKkliAmrQ9KWHvc+T3Yvmzs=,2JwnXusdzBUdRG+5OCAP9qo7hDU=
0,124,JXv3kKkliAmrQ9KWHvc+T3Yvmzs=,2JwnXusdzBUdRG+5OCAP9qo7hDU=
0,115,JXv3kKkliAmrQ9KWHvc+T3Yvmzs=,2JwnXusdzBUdRG+5OCAP9qo7hDU=
0,114,JXv3kKkliAmrQ9KWHvc+T3Yvmzs=,2JwnXusdzBUdRG+5OCAP9qo7hDU=
2,112,JXv3kKkliAmrQ9KWHvc+T3Yvmzs=,2JwnXusdzBUdRG+5OCAP9qo7hDU=
14,123,JXv3kKkliAmrQ9KWHvc+T3Yvmzs=,2JwnXusdzBUdRG+5OCAP9qo7hDU=
1,113,JXv3kKkliAmrQ9KWHvc+T3Yvmzs=,2JwnXusdzBUdRG+5OCAP9qo7hDU=
2,124,JXv3kKkliAmrQ9KWHvc+T3Yvmzs=,2JwnXusdzBUdRG+5OCAP9qo7hDU=
15,123,JXv3kKkliAmrQ9KWHvc+T3Yvmzs=,2JwnXusdzBUdRG+5OCAP9qo7hDU=
15,112,JXv3kKkliAmrQ9KWHvc+T3Yvmzs=,2JwnXusdzBUdRG+5OCAP9qo7hDU=
14,112,JXv3kKkliAmrQ9KWHvc+T3Yvmzs=,2JwnXusdzBUdRG+5OCAP9qo7hDU=
12,123,JXv3kKkliAmrQ9KWHvc+T3Yvmzs=,2JwnXusdzBUdRG+5OCAP9qo7hDU=
13,123,JXv3kKkliAmrQ9KWHvc+T3Yvmzs=,2JwnXusdzBUdRG+5OCAP9qo7hDU=
11,123,JXv3kKkliAmrQ9KWHvc+T3Yvmzs=,2JwnXusdzBUdRG+5OCAP9qo7hDU=
8,123,JXv3kKkliAmrQ9KWHvc+T3Yvmzs=,2JwnXusdzBUdRG+5OCAP9qo7hDU=
10,123,JXv3kKkliAmrQ9KWHvc+T3Yvmzs=,2JwnXusdzBUdRG+5OCAP9qo7hDU=
6,123,JXv3kKkliAmrQ9KWHvc+T3Yvmzs=,2JwnXusdzBUdRG+5OCAP9qo7hDU=
5,123,JXv3kKkliAmrQ9KWHvc+T3Yvmzs=,2JwnXusdzBUdRG+5OCAP9qo7hDU=
9,123,JXv3kKkliAmrQ9KWHvc+T3Yvmzs=,2JwnXusdzBUdRG+5OCAP9qo7hDU=
7,123,JXv3kKkliAmrQ9KWHvc+T3Yvmzs=,2JwnXusdzBUdRG+5OCAP9qo7hDU=
4,123,JXv3kKkliAmrQ9KWHvc+T3Yvmzs=,2JwnXusdzBUdRG+5OCAP9qo7hDU=
0,113,JXv3kKkliAmrQ9KWHvc+T3Yvmzs=,2JwnXusdzBUdRG+5OCAP9qo7hDU=
3,123,JXv3kKkliAmrQ9KWHvc+T3Yvmzs=,2JwnXusdzBUdRG+5OCAP9qo7hDU=
15,122,JXv3kKkliAmrQ9KWHvc+T3Yvmzs=,2JwnXusdzBUdRG+5OCAP9qo7hDU=
2,123,JXv3kKkliAmrQ9KWHvc+T3Yvmzs=,2JwnXusdzBUdRG+5OCAP9qo7hDU=
13,115,JXv3kKkliAmrQ9KWHvc+T3Yvmzs=,2JwnXusdzBUdRG+5OCAP9qo7hDU=
13,112,JXv3kKkliAmrQ9KWHvc+T3Yvmzs=,2JwnXusdzBUdRG+5OCAP9qo7hDU=
14,122,JXv3kKkliAmrQ9KWHvc+T3Yvmzs=,2JwnXusdzBUdRG+5OCAP9qo7hDU=
1,123,JXv3kKkliAmrQ9KWHvc+T3Yvmzs=,2JwnXusdzBUdRG+5OCAP9qo7hDU=
13,122,JXv3kKkliAmrQ9KWHvc+T3Yvmzs=,2JwnXusdzBUdRG+5OCAP9qo7hDU=
12,122,JXv3kKkliAmrQ9KWHvc+T3Yvmzs=,2JwnXusdzBUdRG+5OCAP9qo7hDU=
0,123,JXv3kKkliAmrQ9KWHvc+T3Yvmzs=,2JwnXusdzBUdRG+5OCAP9qo7hDU=
14,113,JXv3kKkliAmrQ9KWHvc+T3Yvmzs=,2JwnXusdzBUdRG+5OCAP9qo7hDU=
11,122,JXv3kKkliAmrQ9KWHvc+T3Yvmzs=,2JwnXusdzBUdRG+5OCAP9qo7hDU=
10,122,JXv3kKkliAmrQ9KWHvc+T3Yvmzs=,2JwnXusdzBUdRG+5OCAP9qo7hDU=
15,114,JXv3kKkliAmrQ9KWHvc+T3Yvmzs=,2JwnXusdzBUdRG+5OCAP9qo7hDU=
9,122,JXv3kKkliAmrQ9KWHvc+T3Yvmzs=,2JwnXusdzBUdRG+5OCAP9qo7hDU=
15,113,JXv3kKkliAmrQ9KWHvc+T3Yvmzs=,2JwnXusdzBUdRG+5OCAP9qo7hDU=
8,122,JXv3kKkliAmrQ9KWHvc+T3Yvmzs=,2JwnXusdzBUdRG+5OCAP9qo7hDU=
4,122,JXv3kKkliAmrQ9KWHvc+T3Yvmzs=,2JwnXusdzBUdRG+5OCAP9qo7hDU=
14,114,JXv3kKkliAmrQ9KWHvc+T3Yvmzs=,2JwnXusdzBUdRG+5OCAP9qo7hDU=
6,122,JXv3kKkliAmrQ9KWHvc+T3Yvmzs=,2JwnXusdzBUdRG+5OCAP9qo7hDU=
3,122,JXv3kKkliAmrQ9KWHvc+T3Yvmzs=,2JwnXusdzBUdRG+5OCAP9qo7hDU=
15,121,JXv3kKkliAmrQ9KWHvc+T3Yvmzs=,2JwnXusdzBUdRG+5OCAP9qo7hDU=
2,122,JXv3kKkliAmrQ9KWHvc+T3Yvmzs=,2JwnXusdzBUdRG+5OCAP9qo7hDU=
1,122,JXv3kKkliAmrQ9KWHvc+T3Yvmzs=,2JwnXusdzBUdRG+5OCAP9qo7hDU=
5,122,JXv3kKkliAmrQ9KWHvc+T3Yvmzs=,2JwnXusdzBUdRG+5OCAP9qo7hDU=
13,113,JXv3kKkliAmrQ9KWHvc+T3Yvmzs=,2JwnXusdzBUdRG+5OCAP9qo7hDU=
7,122,JXv3kKkliAmrQ9KWHvc+T3Yvmzs=,2JwnXusdzBUdRG+5OCAP9qo7hDU=
14,121,JXv3kKkliAmrQ9KWHvc+T3Yvmzs=,2JwnXusdzBUdRG+5OCAP9qo7hDU=
13,121,JXv3kKkliAmrQ9KWHvc+T3Yvmzs=,2JwnXusdzBUdRG+5OCAP9qo7hDU=
0,112,JXv3kKkliAmrQ9KWHvc+T3Yvmzs=,2JwnXusdzBUdRG+5OCAP9qo7hDU=
0,122,JXv3kKkliAmrQ9KWHvc+T3Yvmzs=,2JwnXusdzBUdRG+5OCAP9qo7hDU=
9,121,JXv3kKkliAmrQ9KWHvc+T3Yvmzs=,2JwnXusdzBUdRG+5OCAP9qo7hDU=
10,121,JXv3kKkliAmrQ9KWHvc+T3Yvmzs=,2JwnXusdzBUdRG+5OCAP9qo7hDU=
12,112,JXv3kKkliAmrQ9KWHvc+T3Yvmzs=,2JwnXusdzBUdRG+5OCAP9qo7hDU=
11,121,JXv3kKkliAmrQ9KWHvc+T3Yvmzs=,2JwnXusdzBUdRG+5OCAP9qo7hDU=
7,121,JXv3kKkliAmrQ9KWHvc+T3Yvmzs=,2JwnXusdzBUdRG+5OCAP9qo7hDU=
8,121,JXv3kKkliAmrQ9KWHvc+T3Yvmzs=,2JwnXusdzBUdRG+5OCAP9qo7hDU=
12,121,JXv3kKkliAmrQ9KWHvc+T3Yvmzs=,2JwnXusdzBUdRG+5OCAP9qo7hDU=
13,114,JXv3kKkliAmrQ9KWHvc+T3Yvmzs=,2JwnXusdzBUdRG+5OCAP9qo7hDU=
6,121,JXv3kKkliAmrQ9KWHvc+T3Yvmzs=,2JwnXusdzBUdRG+5OCAP9qo7hDU=
4,121,JXv3kKkliAmrQ9KWHvc+T3Yvmzs=,2JwnXusdzBUdRG+5OCAP9qo7hDU=
12,113,JXv3kKkliAmrQ9KWHvc+T3Yvmzs=,2JwnXusdzBUdRG+5OCAP9qo7hDU=
5,121,JXv3kKkliAmrQ9KWHvc+T3Yvmzs=,2JwnXusdzBUdRG+5OCAP9qo7hDU=
15,120,JXv3kKkliAmrQ9KWHvc+T3Yvmzs=,2JwnXusdzBUdRG+5OCAP9qo7hDU=
14,120,JXv3kKkliAmrQ9KWHvc+T3Yvmzs=,2JwnXusdzBUdRG+5OCAP9qo7hDU=
12,120,JXv3kKkliAmrQ9KWHvc+T3Yvmzs=,2JwnXusdzBUdRG+5OCAP9qo7hDU=
13,120,JXv3kKkliAmrQ9KWHvc+T3Yvmzs=,2JwnXusdzBUdRG+5OCAP9qo7hDU=
14,115,JXv3kKkliAmrQ9KWHvc+T3Yvmzs=,2JwnXusdzBUdRG+5OCAP9qo7hDU=
2,121,JXv3kKkliAmrQ9KWHvc+T3Yvmzs=,2JwnXusdzBUdRG+5OCAP9qo7hDU=
11,113,JXv3kKkliAmrQ9KWHvc+T3Yvmzs=,2JwnXusdzBUdRG+5OCAP9qo7hDU=
9,120,JXv3kKkliAmrQ9KWHvc+T3Yvmzs=,2JwnXusdzBUdRG+5OCAP9qo7hDU=
1,121,JXv3kKkliAmrQ9KWHvc+T3Yvmzs=,2JwnXusdzBUdRG+5OCAP9qo7hDU=
11,120,JXv3kKkliAmrQ9KWHvc+T3Yvmzs=,2JwnXusdzBUdRG+5OCAP9qo7hDU=
12,114,JXv3kKkliAmrQ9KWHvc+T3Yvmzs=,2JwnXusdzBUdRG+5OCAP9qo7hDU=
11,112,JXv3kKkliAmrQ9KWHvc+T3Yvmzs=,2JwnXusdzBUdRG+5OCAP9qo7hDU=
10,120,JXv3kKkliAmrQ9KWHvc+T3Yvmzs=,2JwnXusdzBUdRG+5OCAP9qo7hDU=
3,121,JXv3kKkliAmrQ9KWHvc+T3Yvmzs=,2JwnXusdzBUdRG+5OCAP9qo7hDU=
0,121,JXv3kKkliAmrQ9KWHvc+T3Yvmzs=,2JwnXusdzBUdRG+5OCAP9qo7hDU=
8,120,JXv3kKkliAmrQ9KWHvc+T3Yvmzs=,2JwnXusdzBUdRG+5OCAP9qo7hDU=
6,120,JXv3kKkliAmrQ9KWHvc+T3Yvmzs=,2JwnXusdzBUdRG+5OCAP9qo7hDU=
5,120,JXv3kKkliAmrQ9KWHvc+T3Yvmzs=,2JwnXusdzBUdRG+5OCAP9qo7hDU=
15,119,JXv3kKkliAmrQ9KWHvc+T3Yvmzs=,2JwnXusdzBUdRG+5OCAP9qo7hDU=
7,120,JXv3kKkliAmrQ9KWHvc+T3Yvmzs=,2JwnXusdzBUdRG+5OCAP9qo7hDU=
14,119,JXv3kKkliAmrQ9KWHvc+T3Yvmzs=,2JwnXusdzBUdRG+5OCAP9qo7hDU=
6,113,JXv3kKkliAmrQ9KWHvc+T3Yvmzs=,2JwnXusdzBUdRG+5OCAP9qo7hDU=
10,112,JXv3kKkliAmrQ9KWHvc+T3Yvmzs=,2JwnXusdzBUdRG+5OCAP9qo7hDU=
4,120,JXv3kKkliAmrQ9KWHvc+T3Yvmzs=,2JwnXusdzBUdRG+5OCAP9qo7hDU=
13,119,JXv3kKkliAmrQ9KWHvc+T3Yvmzs=,2JwnXusdzBUdRG+5OCAP9qo7hDU=
11,114,JXv3kKkliAmrQ9KWHvc+T3Yvmzs=,2JwnXusdzBUdRG+5OCAP9qo7hDU=
11,119,JXv3kKkliAmrQ9KWHvc+T3Yvmzs=,2JwnXusdzBUdRG+5OCAP9qo7hDU=
12,119,JXv3kKkliAmrQ9KWHvc+T3Yvmzs=,2JwnXusdzBUdRG+5OCAP9qo7hDU=
10,119,JXv3kKkliAmrQ9KWHvc+T3Yvmzs=,2JwnXusdzBUdRG+5OCAP9qo7hDU=
1,120,JXv3kKkliAmrQ9KWHvc+T3Yvmzs=,2JwnXusdzBUdRG+5OCAP9qo7hDU=
0,120,JXv3kKkliAmrQ9KWHvc+T3Yvmzs=,2JwnXusdzBUdRG+5OCAP9qo7hDU=
10,113,JXv3kKkliAmrQ9KWHvc+T3Yvmzs=,2JwnXusdzBUdRG+5OCAP9qo7hDU=
6,119,JXv3kKkliAmrQ9KWHvc+T3Yvmzs=,2JwnXusdzBUdRG+5OCAP9qo7hDU=
5,119,JXv3kKkliAmrQ9KWHvc+T3Yvmzs=,2JwnXusdzBUdRG+5OCAP9qo7hDU=
7,119,JXv3kKkliAmrQ9KWHvc+T3Yvmzs=,2JwnXusdzBUdRG+5OCAP9qo7hDU=
8,119,JXv3kKkliAmrQ9KWHvc+T3Yvmzs=,2JwnXusdzBUdRG+5OCAP9qo7hDU=
15,118,JXv3kKkliAmrQ9KWHvc+T3Yvmzs=,2JwnXusdzBUdRG+5OCAP9qo7hDU=
2,119,JXv3kKkliAmrQ9KWHvc+T3Yvmzs=,2JwnXusdzBUdRG+5OCAP9qo7hDU=
2,120,JXv3kKkliAmrQ9KWHvc+T3Yvmzs=,2JwnXusdzBUdRG+5OCAP9qo7hDU=
1,119,JXv3kKkliAmrQ9KWHvc+T3Yvmzs=,2JwnXusdzBUdRG+5OCAP9qo7hDU=
3,120,JXv3kKkliAmrQ9KWHvc+T3Yvmzs=,2JwnXusdzBUdRG+5OCAP9qo7hDU=
0,119,JXv3kKkliAmrQ9KWHvc+T3Yvmzs=,2JwnXusdzBUdRG+5OCAP9qo7hDU=
9,119,JXv3kKkliAmrQ9KWHvc+T3Yvmzs=,2JwnXusdzBUdRG+5OCAP9qo7hDU=
9,112,JXv3kKkliAmrQ9KWHvc+T3Yvmzs=,2JwnXusdzBUdRG+5OCAP9qo7hDU=
3,119,JXv3kKkliAmrQ9KWHvc+T3Yvmzs=,2JwnXusdzBUdRG+5OCAP9qo7hDU=
9,113,JXv3kKkliAmrQ9KWHvc+T3Yvmzs=,2JwnXusdzBUdRG+5OCAP9qo7hDU=
4,119,JXv3kKkliAmrQ9KWHvc+T3Yvmzs=,2JwnXusdzBUdRG+5OCAP9qo7hDU=
5,118,JXv3kKkliAmrQ9KWHvc+T3Yvmzs=,2JwnXusdzBUdRG+5OCAP9qo7hDU=
4,118,JXv3kKkliAmrQ9KWHvc+T3Yvmzs=,2JwnXusdzBUdRG+5OCAP9qo7hDU=
2,118,JXv3kKkliAmrQ9KWHvc+T3Yvmzs=,2JwnXusdzBUdRG+5OCAP9qo7hDU=
0,118,JXv3kKkliAmrQ9KWHvc+T3Yvmzs=,2JwnXusdzBUdRG+5OCAP9qo7hDU=
1,118,JXv3kKkliAmrQ9KWHvc+T3Yvmzs=,2JwnXusdzBUdRG+5OCAP9qo7hDU=
15,115,JXv3kKkliAmrQ9KWHvc+T3Yvmzs=,2JwnXusdzBUdRG+5OCAP9qo7hDU=
8,112,JXv3kKkliAmrQ9KWHvc+T3Yvmzs=,2JwnXusdzBUdRG+5OCAP9qo7hDU=
10,118,JXv3kKkliAmrQ9KWHvc+T3Yvmzs=,2JwnXusdzBUdRG+5OCAP9qo7hDU=
11,118,JXv3kKkliAmrQ9KWHvc+T3Yvmzs=,2JwnXusdzBUdRG+5OCAP9qo7hDU=
14,118,JXv3kKkliAmrQ9KWHvc+T3Yvmzs=,2JwnXusdzBUdRG+5OCAP9qo7hDU=
12,118,JXv3kKkliAmrQ9KWHvc+T3Yvmzs=,2JwnXusdzBUdRG+5OCAP9qo7hDU=
9,118,JXv3kKkliAmrQ9KWHvc+T3Yvmzs=,2JwnXusdzBUdRG+5OCAP9qo7hDU=
13,117,JXv3kKkliAmrQ9KWHvc+T3Yvmzs=,2JwnXusdzBUdRG+5OCAP9qo7hDU=
11,117,JXv3kKkliAmrQ9KWHvc+T3Yvmzs=,2JwnXusdzBUdRG+5OCAP9qo7hDU=
12,117,JXv3kKkliAmrQ9KWHvc+T3Yvmzs=,2JwnXusdzBUdRG+5OCAP9qo7hDU=
3,118,JXv3kKkliAmrQ9KWHvc+T3Yvmzs=,2JwnXusdzBUdRG+5OCAP9qo7hDU=
14,117,JXv3kKkliAmrQ9KWHvc+T3Yvmzs=,2JwnXusdzBUdRG+5OCAP9qo7hDU=
13,118,JXv3kKkliAmrQ9KWHvc+T3Yvmzs=,2JwnXusdzBUdRG+5OCAP9qo7hDU=
15,117,JXv3kKkliAmrQ9KWHvc+T3Yvmzs=,2JwnXusdzBUdRG+5OCAP9qo7hDU=
10,114,JXv3kKkliAmrQ9KWHvc+T3Yvmzs=,2JwnXusdzBUdRG+5OCAP9qo7hDU=
10,117,JXv3kKkliAmrQ9KWHvc+T3Yvmzs=,2JwnXusdzBUdRG+5OCAP9qo7hDU=
4,117,JXv3kKkliAmrQ9KWHvc+T3Yvmzs=,2JwnXusdzBUdRG+5OCAP9qo7hDU=
7,114,JXv3kKkliAmrQ9KWHvc+T3Yvmzs=,2JwnXusdzBUdRG+5OCAP9qo7hDU=
9,117,RwkwWksch75Y9I9Lji2LU46Q6RY=,2JwnXusdzBUdRG+5OCAP9qo7hDU=
1,117,RwkwWksch75Y9I9Lji2LU46Q6RY=,2JwnXusdzBUdRG+5OCAP9qo7hDU=
6,117,JXv3kKkliAmrQ9KWHvc+T3Yvmzs=,2JwnXusdzBUdRG+5OCAP9qo7hDU=
8,117,JXv3kKkliAmrQ9KWHvc+T3Yvmzs=,2JwnXusdzBUdRG+5OCAP9qo7hDU=
9,114,JXv3kKkliAmrQ9KWHvc+T3Yvmzs=,2JwnXusdzBUdRG+5OCAP9qo7hDU=
2,117,JXv3kKkliAmrQ9KWHvc+T3Yvmzs=,2JwnXusdzBUdRG+5OCAP9qo7hDU=
7,112,RwkwWksch75Y9I9Lji2LU46Q6RY=,2JwnXusdzBUdRG+5OCAP9qo7hDU=
3,117,RwkwWksch75Y9I9Lji2LU46Q6RY=,2JwnXusdzBUdRG+5OCAP9qo7hDU=
8,113,RwkwWksch75Y9I9Lji2LU46Q6RY=,2JwnXusdzBUdRG+5OCAP9qo7hDU=
7,117,RwkwWksch75Y9I9Lji2LU46Q6RY=,2JwnXusdzBUdRG+5OCAP9qo7hDU=
7,118,RwkwWksch75Y9I9Lji2LU46Q6RY=,2JwnXusdzBUdRG+5OCAP9qo7hDU=
11,116,RwkwWksch75Y9I9Lji2LU46Q6RY=,2JwnXusdzBUdRG+5OCAP9qo7hDU=
0,116,RwkwWksch75Y9I9Lji2LU46Q6RY=,2JwnXusdzBUdRG+5OCAP9qo7hDU=
14,116,RwkwWksch75Y9I9Lji2LU46Q6RY=,2JwnXusdzBUdRG+5OCAP9qo7hDU=
13,116,RwkwWksch75Y9I9Lji2LU46Q6RY=,2JwnXusdzBUdRG+5OCAP9qo7hDU=
6,112,RwkwWksch75Y9I9Lji2LU46Q6RY=,2JwnXusdzBUdRG+5OCAP9qo7hDU=
8,118,RwkwWksch75Y9I9Lji2LU46Q6RY=,2JwnXusdzBUdRG+5OCAP9qo7hDU=
12,116,RwkwWksch75Y9I9Lji2LU46Q6RY=,2JwnXusdzBUdRG+5OCAP9qo7hDU=
9,116,RwkwWksch75Y9I9Lji2LU46Q6RY=,2JwnXusdzBUdRG+5OCAP9qo7hDU=
15,116,RwkwWksch75Y9I9Lji2LU46Q6RY=,2JwnXusdzBUdRG+5OCAP9qo7hDU=
8,116,RwkwWksch75Y9I9Lji2LU46Q6RY=,2JwnXusdzBUdRG+5OCAP9qo7hDU=
7,113,RwkwWksch75Y9I9Lji2LU46Q6RY=,2JwnXusdzBUdRG+5OCAP9qo7hDU=
5,117,RwkwWksch75Y9I9Lji2LU46Q6RY=,2JwnXusdzBUdRG+5OCAP9qo7hDU=
6,118,RwkwWksch75Y9I9Lji2LU46Q6RY=,2JwnXusdzBUdRG+5OCAP9qo7hDU=
7,116,RwkwWksch75Y9I9Lji2LU46Q6RY=,2JwnXusdzBUdRG+5OCAP9qo7hDU=
0,117,RwkwWksch75Y9I9Lji2LU46Q6RY=,2JwnXusdzBUdRG+5OCAP9qo7hDU=
8,114,RwkwWksch75Y9I9Lji2LU46Q6RY=,2JwnXusdzBUdRG+5OCAP9qo7hDU=
1,116,RwkwWksch75Y9I9Lji2LU46Q6RY=,2JwnXusdzBUdRG+5OCAP9qo7hDU=
10,116,RwkwWksch75Y9I9Lji2LU46Q6RY=,2JwnXusdzBUdRG+5OCAP9qo7hDU=
5,116,RwkwWksch75Y9I9Lji2LU46Q6RY=,2JwnXusdzBUdRG+5OCAP9qo7hDU=
6,116,RwkwWksch75Y9I9Lji2LU46Q6RY=,2JwnXusdzBUdRG+5OCAP9qo7hDU=
3,116,RwkwWksch75Y9I9Lji2LU46Q6RY=,2JwnXusdzBUdRG+5OCAP9qo7hDU=
2,116,RwkwWksch75Y9I9Lji2LU46Q6RY=,2JwnXusdzBUdRG+5OCAP9qo7hDU=
4,116,RwkwWksch75Y9I9Lji2LU46Q6RY=,2JwnXusdzBUdRG+5OCAP9qo7hDU=
23,115,RqBj2HSc/PWGJO5jvgulgZuKddo=,96gwz+LHBfIAlm9n/Kml/IfZYtE=
21,113,RqBj2HSc/PWGJO5jvgulgZuKddo=,96gwz+LHBfIAlm9n/Kml/IfZYtE=
19,115,RqBj2HSc/PWGJO5jvgulgZuKddo=,96gwz+LHBfIAlm9n/Kml/IfZYtE=
21,114,RqBj2HSc/PWGJO5jvgulgZuKddo=,96gwz+LHBfIAlm9n/Kml/IfZYtE=
22,115,RqBj2HSc/PWGJO5jvgulgZuKddo=,96gwz+LHBfIAlm9n/Kml/IfZYtE=
21,112,RqBj2HSc/PWGJO5jvgulgZuKddo=,96gwz+LHBfIAlm9n/Kml/IfZYtE=
20,114,RqBj2HSc/PWGJO5jvgulgZuKddo=,96gwz+LHBfIAlm9n/Kml/IfZYtE=
31,127,RqBj2HSc/PWGJO5jvgulgZuKddo=,96gwz+LHBfIAlm9n/Kml/IfZYtE=
30,127,RqBj2HSc/PWGJO5jvgulgZuKddo=,96gwz+LHBfIAlm9n/Kml/IfZYtE=
29,127,RqBj2HSc/PWGJO5jvgulgZuKddo=,96gwz+LHBfIAlm9n/Kml/IfZYtE=
24,115,RqBj2HSc/PWGJO5jvgulgZuKddo=,96gwz+LHBfIAlm9n/Kml/IfZYtE=
17,112,RqBj2HSc/PWGJO5jvgulgZuKddo=,96gwz+LHBfIAlm9n/Kml/IfZYtE=
27,127,RqBj2HSc/PWGJO5jvgulgZuKddo=,96gwz+LHBfIAlm9n/Kml/IfZYtE=
18,115,RqBj2HSc/PWGJO5jvgulgZuKddo=,96gwz+LHBfIAlm9n/Kml/IfZYtE=
25,127,RqBj2HSc/PWGJO5jvgulgZuKddo=,96gwz+LHBfIAlm9n/Kml/IfZYtE=
28,127,RqBj2HSc/PWGJO5jvgulgZuKddo=,96gwz+LHBfIAlm9n/Kml/IfZYtE=
22,114,RqBj2HSc/PWGJO5jvgulgZuKddo=,96gwz+LHBfIAlm9n/Kml/IfZYtE=
24,127,0sLA+msyp4Gh/6b9vDMy59Fw0/o=,96gwz+LHBfIAlm9n/Kml/IfZYtE=
21,127,0sLA+msyp4Gh/6b9vDMy59Fw0/o=,96gwz+LHBfIAlm9n/Kml/IfZYtE=
26,127,0sLA+msyp4Gh/6b9vDMy59Fw0/o=,96gwz+LHBfIAlm9n/Kml/IfZYtE=
20,127,0sLA+msyp4Gh/6b9vDMy59Fw0/o=,96gwz+LHBfIAlm9n/Kml/IfZYtE=
19,112,0sLA+msyp4Gh/6b9vDMy59Fw0/o=,96gwz+LHBfIAlm9n/Kml/IfZYtE=
22,127,0sLA+msyp4Gh/6b9vDMy59Fw0/o=,96gwz+LHBfIAlm9n/Kml/IfZYtE=
23,127,0sLA+msyp4Gh/6b9vDMy59Fw0/o=,96gwz+LHBfIAlm9n/Kml/IfZYtE=
19,127,0sLA+msyp4Gh/6b9vDMy59Fw0/o=,96gwz+LHBfIAlm9n/Kml/IfZYtE=
31,126,0sLA+msyp4Gh/6b9vDMy59Fw0/o=,96gwz+LHBfIAlm9n/Kml/IfZYtE=
30,126,0sLA+msyp4Gh/6b9vDMy59Fw0/o=,96gwz+LHBfIAlm9n/Kml/IfZYtE=
20,112,0sLA+msyp4Gh/6b9vDMy59Fw0/o=,96gwz+LHBfIAlm9n/Kml/IfZYtE=
17,127,0sLA+msyp4Gh/6b9vDMy59Fw0/o=,96gwz+LHBfIAlm9n/Kml/IfZYtE=
19,114,0sLA+msyp4Gh/6b9vDMy59Fw0/o=,96gwz+LHBfIAlm9n/Kml/IfZYtE=
18,127,0sLA+msyp4Gh/6b9vDMy59Fw0/o=,96gwz+LHBfIAlm9n/Kml/IfZYtE=
29,126,0sLA+msyp4Gh/6b9vDMy59Fw0/o=,96gwz+LHBfIAlm9n/Kml/IfZYtE=
16,127,0sLA+msyp4Gh/6b9vDMy59Fw0/o=,96gwz+LHBfIAlm9n/Kml/IfZYtE=
28,126,0sLA+msyp4Gh/6b9vDMy59Fw0/o=,96gwz+LHBfIAlm9n/Kml/IfZYtE=
20,115,0sLA+msyp4Gh/6b9vDMy59Fw0/o=,96gwz+LHBfIAlm9n/Kml/IfZYtE=
26,126,0sLA+msyp4Gh/6b9vDMy59Fw0/o=,96gwz+LHBfIAlm9n/Kml/IfZYtE=
25,126,0sLA+msyp4Gh/6b9vDMy59Fw0/o=,96gwz+LHBfIAlm9n/Kml/IfZYtE=
27,126,0sLA+msyp4Gh/6b9vDMy59Fw0/o=,96gwz+LHBfIAlm9n/Kml/IfZYtE=
23,126,0sLA+msyp4Gh/6b9vDMy59Fw0/o=,96gwz+LHBfIAlm9n/Kml/IfZYtE=
20,113,0sLA+msyp4Gh/6b9vDMy59Fw0/o=,96gwz+LHBfIAlm9n/Kml/IfZYtE=
17,115,0sLA+msyp4Gh/6b9vDMy59Fw0/o=,96gwz+LHBfIAlm9n/Kml/IfZYtE=
19,126,0sLA+msyp4Gh/6b9vDMy59Fw0/o=,96gwz+LHBfIAlm9n/Kml/IfZYtE=
31,125,0sLA+msyp4Gh/6b9vDMy59Fw0/o=,96gwz+LHBfIAlm9n/Kml/IfZYtE=
17,126,0sLA+msyp4Gh/6b9vDMy59Fw0/o=,96gwz+LHBfIAlm9n/Kml/IfZYtE=
24,126,0sLA+msyp4Gh/6b9vDMy59Fw0/o=,96gwz+LHBfIAlm9n/Kml/IfZYtE=
16,126,0sLA+msyp4Gh/6b9vDMy59Fw0/o=,96gwz+LHBfIAlm9n/Kml/IfZYtE=
30,125,0sLA+msyp4Gh/6b9vDMy59Fw0/o=,96gwz+LHBfIAlm9n/Kml/IfZYtE=
19,113,0sLA+msyp4Gh/6b9vDMy59Fw0/o=,96gwz+LHBfIAlm9n/Kml/IfZYtE=
18,126,0sLA+msyp4Gh/6b9vDMy59Fw0/o=,96gwz+LHBfIAlm9n/Kml/IfZYtE=
28,125,0sLA+msyp4Gh/6b9vDMy59Fw0/o=,96gwz+LHBfIAlm9n/Kml/IfZYtE=
29,125,0sLA+msyp4Gh/6b9vDMy59Fw0/o=,96gwz+LHBfIAlm9n/Kml/IfZYtE=
26,125,0sLA+msyp4Gh/6b9vDMy59Fw0/o=,96gwz+LHBfIAlm9n/Kml/IfZYtE=
25,125,0sLA+msyp4Gh/6b9vDMy59Fw0/o=,96gwz+LHBfIAlm9n/Kml/IfZYtE=
27,125,0sLA+msyp4Gh/6b9vDMy59Fw0/o=,96gwz+LHBfIAlm9n/Kml/IfZYtE=
24,125,0sLA+msyp4Gh/6b9vDMy59Fw0/o=,96gwz+LHBfIAlm9n/Kml/IfZYtE=
23,125,0sLA+msyp4Gh/6b9vDMy59Fw0/o=,96gwz+LHBfIAlm9n/Kml/IfZYtE=
21,125,0sLA+msyp4Gh/6b9vDMy59Fw0/o=,96gwz+LHBfIAlm9n/Kml/IfZYtE=
25,115,0sLA+msyp4Gh/6b9vDMy59Fw0/o=,96gwz+LHBfIAlm9n/Kml/IfZYtE=
20,125,0sLA+msyp4Gh/6b9vDMy59Fw0/o=,96gwz+LHBfIAlm9n/Kml/IfZYtE=
22,125,0sLA+msyp4Gh/6b9vDMy59Fw0/o=,96gwz+LHBfIAlm9n/Kml/IfZYtE=
19,125,0sLA+msyp4Gh/6b9vDMy59Fw0/o=,96gwz+LHBfIAlm9n/Kml/IfZYtE=
17,125,0sLA+msyp4Gh/6b9vDMy59Fw0/o=,96gwz+LHBfIAlm9n/Kml/IfZYtE=
30,124,0sLA+msyp4Gh/6b9vDMy59Fw0/o=,96gwz+LHBfIAlm9n/Kml/IfZYtE=
29,124,0sLA+msyp4Gh/6b9vDMy59Fw0/o=,96gwz+LHBfIAlm9n/Kml/IfZYtE=
31,124,0sLA+msyp4Gh/6b9vDMy59Fw0/o=,96gwz+LHBfIAlm9n/Kml/IfZYtE=
18,125,0sLA+msyp4Gh/6b9vDMy59Fw0/o=,96gwz+LHBfIAlm9n/Kml/IfZYtE=
20,126,0sLA+msyp4Gh/6b9vDMy59Fw0/o=,96gwz+LHBfIAlm9n/Kml/IfZYtE=
28,124,0sLA+msyp4Gh/6b9vDMy59Fw0/o=,96gwz+LHBfIAlm9n/Kml/IfZYtE=
16,125,0sLA+msyp4Gh/6b9vDMy59Fw0/o=,96gwz+LHBfIAlm9n/Kml/IfZYtE=
21,115,0sLA+msyp4Gh/6b9vDMy59Fw0/o=,96gwz+LHBfIAlm9n/Kml/IfZYtE=
26,124,0sLA+msyp4Gh/6b9vDMy59Fw0/o=,96gwz+LHBfIAlm9n/Kml/IfZYtE=
24,124,0sLA+msyp4Gh/6b9vDMy59Fw0/o=,96gwz+LHBfIAlm9n/Kml/IfZYtE=
23,124,0sLA+msyp4Gh/6b9vDMy59Fw0/o=,96gwz+LHBfIAlm9n/Kml/IfZYtE=
18,113,0sLA+msyp4Gh/6b9vDMy59Fw0/o=,96gwz+LHBfIAlm9n/Kml/IfZYtE=
25,124,0sLA+msyp4Gh/6b9vDMy59Fw0/o=,96gwz+LHBfIAlm9n/Kml/IfZYtE=
22,124,0sLA+msyp4Gh/6b9vDMy59Fw0/o=,96gwz+LHBfIAlm9n/Kml/IfZYtE=
17,114,0sLA+msyp4Gh/6b9vDMy59Fw0/o=,96gwz+LHBfIAlm9n/Kml/IfZYtE=
17,113,0sLA+msyp4Gh/6b9vDMy59Fw0/o=,96gwz+LHBfIAlm9n/Kml/IfZYtE=
17,124,0sLA+msyp4Gh/6b9vDMy59Fw0/o=,96gwz+LHBfIAlm9n/Kml/IfZYtE=
18,124,0sLA+msyp4Gh/6b9vDMy59Fw0/o=,96gwz+LHBfIAlm9n/Kml/IfZYtE=
16,124,0sLA+msyp4Gh/6b9vDMy59Fw0/o=,96gwz+LHBfIAlm9n/Kml/IfZYtE=
19,124,0sLA+msyp4Gh/6b9vDMy59Fw0/o=,96gwz+LHBfIAlm9n/Kml/IfZYtE=
31,112,0sLA+msyp4Gh/6b9vDMy59Fw0/o=,96gwz+LHBfIAlm9n/Kml/IfZYtE=
31,114,0sLA+msyp4Gh/6b9vDMy59Fw0/o=,96gwz+LHBfIAlm9n/Kml/IfZYtE=
16,113,0sLA+msyp4Gh/6b9vDMy59Fw0/o=,96gwz+LHBfIAlm9n/Kml/IfZYtE=
30,112,0sLA+msyp4Gh/6b9vDMy59Fw0/o=,96gwz+LHBfIAlm9n/Kml/IfZYtE=
31,113,0sLA+msyp4Gh/6b9vDMy59Fw0/o=,96gwz+LHBfIAlm9n/Kml/IfZYtE=
30,123,0sLA+msyp4Gh/6b9vDMy59Fw0/o=,96gwz+LHBfIAlm9n/Kml/IfZYtE=
30,113,0sLA+msyp4Gh/6b9vDMy59Fw0/o=,96gwz+LHBfIAlm9n/Kml/IfZYtE=
29,123,0sLA+msyp4Gh/6b9vDMy59Fw0/o=,96gwz+LHBfIAlm9n/Kml/IfZYtE=
31,123,0sLA+msyp4Gh/6b9vDMy59Fw0/o=,96gwz+LHBfIAlm9n/Kml/IfZYtE=
28,123,0sLA+msyp4Gh/6b9vDMy59Fw0/o=,96gwz+LHBfIAlm9n/Kml/IfZYtE=
18,112,0sLA+msyp4Gh/6b9vDMy59Fw0/o=,96gwz+LHBfIAlm9n/Kml/IfZYtE=
27,123,0sLA+msyp4Gh/6b9vDMy59Fw0/o=,96gwz+LHBfIAlm9n/Kml/IfZYtE=
26,123,0sLA+msyp4Gh/6b9vDMy59Fw0/o=,96gwz+LHBfIAlm9n/Kml/IfZYtE=
25,123,0sLA+msyp4Gh/6b9vDMy59Fw0/o=,96gwz+LHBfIAlm9n/Kml/IfZYtE=
24,123,0sLA+msyp4Gh/6b9vDMy59Fw0/o=,96gwz+LHBfIAlm9n/Kml/IfZYtE=
23,123,0sLA+msyp4Gh/6b9vDMy59Fw0/o=,96gwz+LHBfIAlm9n/Kml/IfZYtE=
22,123,0sLA+msyp4Gh/6b9vDMy59Fw0/o=,96gwz+LHBfIAlm9n/Kml/IfZYtE=
26,115,0sLA+msyp4Gh/6b9vDMy59Fw0/o=,96gwz+LHBfIAlm9n/Kml/IfZYtE=
21,123,0sLA+msyp4Gh/6b9vDMy59Fw0/o=,96gwz+LHBfIAlm9n/Kml/IfZYtE=
27,115,0sLA+msyp4Gh/6b9vDMy59Fw0/o=,96gwz+LHBfIAlm9n/Kml/IfZYtE=
16,115,0sLA+msyp4Gh/6b9vDMy59Fw0/o=,96gwz+LHBfIAlm9n/Kml/IfZYtE=
22,126,0sLA+msyp4Gh/6b9vDMy59Fw0/o=,96gwz+LHBfIAlm9n/Kml/IfZYtE=
20,123,0sLA+msyp4Gh/6b9vDMy59Fw0/o=,96gwz+LHBfIAlm9n/Kml/IfZYtE=
19,123,0sLA+msyp4Gh/6b9vDMy59Fw0/o=,96gwz+LHBfIAlm9n/Kml/IfZYtE=
30,114,0sLA+msyp4Gh/6b9vDMy59Fw0/o=,96gwz+LHBfIAlm9n/Kml/IfZYtE=
17,123,0sLA+msyp4Gh/6b9vDMy59Fw0/o=,96gwz+LHBfIAlm9n/Kml/IfZYtE=
16,114,0sLA+msyp4Gh/6b9vDMy59Fw0/o=,96gwz+LHBfIAlm9n/Kml/IfZYtE=
29,112,0sLA+msyp4Gh/6b9vDMy59Fw0/o=,96gwz+LHBfIAlm9n/Kml/IfZYtE=
29,113,0sLA+msyp4Gh/6b9vDMy59Fw0/o=,96gwz+LHBfIAlm9n/Kml/IfZYtE=
31,122,0sLA+msyp4Gh/6b9vDMy59Fw0/o=,96gwz+LHBfIAlm9n/Kml/IfZYtE=
29,122,0sLA+msyp4Gh/6b9vDMy59Fw0/o=,96gwz+LHBfIAlm9n/Kml/IfZYtE=
27,122,0sLA+msyp4Gh/6b9vDMy59Fw0/o=,96gwz+LHBfIAlm9n/Kml/IfZYtE=
28,122,0sLA+msyp4Gh/6b9vDMy59Fw0/o=,96gwz+LHBfIAlm9n/Kml/IfZYtE=
20,124,0sLA+msyp4Gh/6b9vDMy59Fw0/o=,96gwz+LHBfIAlm9n/Kml/IfZYtE=
26,122,0sLA+msyp4Gh/6b9vDMy59Fw0/o=,96gwz+LHBfIAlm9n/Kml/IfZYtE=
25,122,0sLA+msyp4Gh/6b9vDMy59Fw0/o=,96gwz+LHBfIAlm9n/Kml/IfZYtE=
24,122,0sLA+msyp4Gh/6b9vDMy59Fw0/o=,96gwz+LHBfIAlm9n/Kml/IfZYtE=
22,122,0sLA+msyp4Gh/6b9vDMy59Fw0/o=,96gwz+LHBfIAlm9n/Kml/IfZYtE=
30,122,0sLA+msyp4Gh/6b9vDMy59Fw0/o=,96gwz+LHBfIAlm9n/Kml/IfZYtE=
23,122,0sLA+msyp4Gh/6b9vDMy59Fw0/o=,96gwz+LHBfIAlm9n/Kml/IfZYtE=
21,122,0sLA+msyp4Gh/6b9vDMy59Fw0/o=,96gwz+LHBfIAlm9n/Kml/IfZYtE=
20,122,0sLA+msyp4Gh/6b9vDMy59Fw0/o=,96gwz+LHBfIAlm9n/Kml/IfZYtE=
16,122,0sLA+msyp4Gh/6b9vDMy59Fw0/o=,96gwz+LHBfIAlm9n/Kml/IfZYtE=
16,123,0sLA+msyp4Gh/6b9vDMy59Fw0/o=,96gwz+LHBfIAlm9n/Kml/IfZYtE=
19,122,0sLA+msyp4Gh/6b9vDMy59Fw0/o=,96gwz+LHBfIAlm9n/Kml/IfZYtE=
18,122,0sLA+msyp4Gh/6b9vDMy59Fw0/o=,96gwz+LHBfIAlm9n/Kml/IfZYtE=
17,122,0sLA+msyp4Gh/6b9vDMy59Fw0/o=,96gwz+LHBfIAlm9n/Kml/IfZYtE=
18,123,0sLA+msyp4Gh/6b9vDMy59Fw0/o=,96gwz+LHBfIAlm9n/Kml/IfZYtE=
31,121,0sLA+msyp4Gh/6b9vDMy59Fw0/o=,96gwz+LHBfIAlm9n/Kml/IfZYtE=
29,114,0sLA+msyp4Gh/6b9vDMy59Fw0/o=,96gwz+LHBfIAlm9n/Kml/IfZYtE=
28,121,0sLA+msyp4Gh/6b9vDMy59Fw0/o=,96gwz+LHBfIAlm9n/Kml/IfZYtE=
28,112,0sLA+msyp4Gh/6b9vDMy59Fw0/o=,96gwz+LHBfIAlm9n/Kml/IfZYtE=
30,121,0sLA+msyp4Gh/6b9vDMy59Fw0/o=,96gwz+LHBfIAlm9n/Kml/IfZYtE=
27,124,0sLA+msyp4Gh/6b9vDMy59Fw0/o=,96gwz+LHBfIAlm9n/Kml/IfZYtE=
29,121,0sLA+msyp4Gh/6b9vDMy59Fw0/o=,96gwz+LHBfIAlm9n/Kml/IfZYtE=
21,124,0sLA+msyp4Gh/6b9vDMy59Fw0/o=,96gwz+LHBfIAlm9n/Kml/IfZYtE=
28,115,0sLA+msyp4Gh/6b9vDMy59Fw0/o=,96gwz+LHBfIAlm9n/Kml/IfZYtE=
24,121,0sLA+msyp4Gh/6b9vDMy59Fw0/o=,96gwz+LHBfIAlm9n/Kml/IfZYtE=
23,121,0sLA+msyp4Gh/6b9vDMy59Fw0/o=,96gwz+LHBfIAlm9n/Kml/IfZYtE=
27,121,0sLA+msyp4Gh/6b9vDMy59Fw0/o=,96gwz+LHBfIAlm9n/Kml/IfZYtE=
29,115,0sLA+msyp4Gh/6b9vDMy59Fw0/o=,96gwz+LHBfIAlm9n/Kml/IfZYtE=
26,121,0sLA+msyp4Gh/6b9vDMy59Fw0/o=,96gwz+LHBfIAlm9n/Kml/IfZYtE=
17,121,0sLA+msyp4Gh/6b9vDMy59Fw0/o=,96gwz+LHBfIAlm9n/Kml/IfZYtE=
18,121,0sLA+msyp4Gh/6b9vDMy59Fw0/o=,96gwz+LHBfIAlm9n/Kml/IfZYtE=
19,121,0sLA+msyp4Gh/6b9vDMy59Fw0/o=,96gwz+LHBfIAlm9n/Kml/IfZYtE=
16,121,0sLA+msyp4Gh/6b9vDMy59Fw0/o=,96gwz+LHBfIAlm9n/Kml/IfZYtE=
27,112,0sLA+msyp4Gh/6b9vDMy59Fw0/o=,96gwz+LHBfIAlm9n/Kml/IfZYtE=
27,113,0sLA+msyp4Gh/6b9vDMy59Fw0/o=,96gwz+LHBfIAlm9n/Kml/IfZYtE=
28,114,0sLA+msyp4Gh/6b9vDMy59Fw0/o=,96gwz+LHBfIAlm9n/Kml/IfZYtE=
22,121,0sLA+msyp4Gh/6b9vDMy59Fw0/o=,96gwz+LHBfIAlm9n/Kml/IfZYtE=
31,120,0sLA+msyp4Gh/6b9vDMy59Fw0/o=,96gwz+LHBfIAlm9n/Kml/IfZYtE=
28,120,0sLA+msyp4Gh/6b9vDMy59Fw0/o=,96gwz+LHBfIAlm9n/Kml/IfZYtE=
29,120,0sLA+msyp4Gh/6b9vDMy59Fw0/o=,96gwz+LHBfIAlm9n/Kml/IfZYtE=
30,115,0sLA+msyp4Gh/6b9vDMy59Fw0/o=,96gwz+LHBfIAlm9n/Kml/IfZYtE=
24,120,0sLA+msyp4Gh/6b9vDMy59Fw0/o=,96gwz+LHBfIAlm9n/Kml/IfZYtE=
25,120,0sLA+msyp4Gh/6b9vDMy59Fw0/o=,96gwz+LHBfIAlm9n/Kml/IfZYtE=
30,120,0sLA+msyp4Gh/6b9vDMy59Fw0/o=,96gwz+LHBfIAlm9n/Kml/IfZYtE=
21,126,0sLA+msyp4Gh/6b9vDMy59Fw0/o=,96gwz+LHBfIAlm9n/Kml/IfZYtE=
22,120,0sLA+msyp4Gh/6b9vDMy59Fw0/o=,96gwz+LHBfIAlm9n/Kml/IfZYtE=
23,120,0sLA+msyp4Gh/6b9vDMy59Fw0/o=,96gwz+LHBfIAlm9n/Kml/IfZYtE=
27,120,0sLA+msyp4Gh/6b9vDMy59Fw0/o=,96gwz+LHBfIAlm9n/Kml/IfZYtE=
18,114,0sLA+msyp4Gh/6b9vDMy59Fw0/o=,96gwz+LHBfIAlm9n/Kml/IfZYtE=
26,120,0sLA+msyp4Gh/6b9vDMy59Fw0/o=,96gwz+LHBfIAlm9n/Kml/IfZYtE=
21,120,0sLA+msyp4Gh/6b9vDMy59Fw0/o=,96gwz+LHBfIAlm9n/Kml/IfZYtE=
18,120,0sLA+msyp4Gh/6b9vDMy59Fw0/o=,96gwz+LHBfIAlm9n/Kml/IfZYtE=
31,119,0sLA+msyp4Gh/6b9vDMy59Fw0/o=,96gwz+LHBfIAlm9n/Kml/IfZYtE=
26,113,0sLA+msyp4Gh/6b9vDMy59Fw0/o=,96gwz+LHBfIAlm9n/Kml/IfZYtE=
26,112,0sLA+msyp4Gh/6b9vDMy59Fw0/o=,96gwz+LHBfIAlm9n/Kml/IfZYtE=
20,120,0sLA+msyp4Gh/6b9vDMy59Fw0/o=,96gwz+LHBfIAlm9n/Kml/IfZYtE=
28,113,0sLA+msyp4Gh/6b9vDMy59Fw0/o=,96gwz+LHBfIAlm9n/Kml/IfZYtE=
30,119,0sLA+msyp4Gh/6b9vDMy59Fw0/o=,96gwz+LHBfIAlm9n/Kml/IfZYtE=
25,121,0sLA+msyp4Gh/6b9vDMy59Fw0/o=,96gwz+LHBfIAlm9n/Kml/IfZYtE=
29,119,0sLA+msyp4Gh/6b9vDMy59Fw0/o=,96gwz+LHBfIAlm9n/Kml/IfZYtE=
28,119,0sLA+msyp4Gh/6b9vDMy59Fw0/o=,96gwz+LHBfIAlm9n/Kml/IfZYtE=
24,119,WbF8B1NBCpa4XJDxge+Y+JFJYjE=,96gwz+LHBfIAlm9n/Kml/IfZYtE=
27,119,WbF8B1NBCpa4XJDxge+Y+JFJYjE=,96gwz+LHBfIAlm9n/Kml/IfZYtE=
26,119,WbF8B1NBCpa4XJDxge+Y+JFJYjE=,96gwz+LHBfIAlm9n/Kml/IfZYtE=
25,119,WbF8B1NBCpa4XJDxge+Y+JFJYjE=,96gwz+LHBfIAlm9n/Kml/IfZYtE=
20,119,WbF8B1NBCpa4XJDxge+Y+JFJYjE=,96gwz+LHBfIAlm9n/Kml/IfZYtE=
18,119,WbF8B1NBCpa4XJDxge+Y+JFJYjE=,96gwz+LHBfIAlm9n/Kml/IfZYtE=
21,119,WbF8B1NBCpa4XJDxge+Y+JFJYjE=,96gwz+LHBfIAlm9n/Kml/IfZYtE=
17,119,WbF8B1NBCpa4XJDxge+Y+JFJYjE=,96gwz+LHBfIAlm9n/Kml/IfZYtE=
19,119,WbF8B1NBCpa4XJDxge+Y+JFJYjE=,96gwz+LHBfIAlm9n/Kml/IfZYtE=
22,119,WbF8B1NBCpa4XJDxge+Y+JFJYjE=,96gwz+LHBfIAlm9n/Kml/IfZYtE=
16,119,WbF8B1NBCpa4XJDxge+Y+JFJYjE=,96gwz+LHBfIAlm9n/Kml/IfZYtE=
26,114,WbF8B1NBCpa4XJDxge+Y+JFJYjE=,96gwz+LHBfIAlm9n/Kml/IfZYtE=
25,113,WbF8B1NBCpa4XJDxge+Y+JFJYjE=,96gwz+LHBfIAlm9n/Kml/IfZYtE=
31,118,WbF8B1NBCpa4XJDxge+Y+JFJYjE=,96gwz+LHBfIAlm9n/Kml/IfZYtE=
30,118,WbF8B1NBCpa4XJDxge+Y+JFJYjE=,96gwz+LHBfIAlm9n/Kml/IfZYtE=
26,118,WbF8B1NBCpa4XJDxge+Y+JFJYjE=,96gwz+LHBfIAlm9n/Kml/IfZYtE=
25,118,WbF8B1NBCpa4XJDxge+Y+JFJYjE=,96gwz+LHBfIAlm9n/Kml/IfZYtE=
25,112,WbF8B1NBCpa4XJDxge+Y+JFJYjE=,96gwz+LHBfIAlm9n/Kml/IfZYtE=
29,118,WbF8B1NBCpa4XJDxge+Y+JFJYjE=,96gwz+LHBfIAlm9n/Kml/IfZYtE=
23,118,WbF8B1NBCpa4XJDxge+Y+JFJYjE=,96gwz+LHBfIAlm9n/Kml/IfZYtE=
22,118,WbF8B1NBCpa4XJDxge+Y+JFJYjE=,96gwz+LHBfIAlm9n/Kml/IfZYtE=
24,118,WbF8B1NBCpa4XJDxge+Y+JFJYjE=,96gwz+LHBfIAlm9n/Kml/IfZYtE=
16,120,WbF8B1NBCpa4XJDxge+Y+JFJYjE=,96gwz+LHBfIAlm9n/Kml/IfZYtE=
20,118,WbF8B1NBCpa4XJDxge+Y+JFJYjE=,96gwz+LHBfIAlm9n/Kml/IfZYtE=
16,118,WbF8B1NBCpa4XJDxge+Y+JFJYjE=,96gwz+LHBfIAlm9n/Kml/IfZYtE=
21,118,WbF8B1NBCpa4XJDxge+Y+JFJYjE=,96gwz+LHBfIAlm9n/Kml/IfZYtE=
19,118,WbF8B1NBCpa4XJDxge+Y+JFJYjE=,96gwz+LHBfIAlm9n/Kml/IfZYtE=
17,118,WbF8B1NBCpa4XJDxge+Y+JFJYjE=,96gwz+LHBfIAlm9n/Kml/IfZYtE=
18,118,WbF8B1NBCpa4XJDxge+Y+JFJYjE=,96gwz+LHBfIAlm9n/Kml/IfZYtE=
25,114,WbF8B1NBCpa4XJDxge+Y+JFJYjE=,96gwz+LHBfIAlm9n/Kml/IfZYtE=
31,117,WbF8B1NBCpa4XJDxge+Y+JFJYjE=,96gwz+LHBfIAlm9n/Kml/IfZYtE=
26,117,WbF8B1NBCpa4XJDxge+Y+JFJYjE=,96gwz+LHBfIAlm9n/Kml/IfZYtE=
30,117,WbF8B1NBCpa4XJDxge+Y+JFJYjE=,96gwz+LHBfIAlm9n/Kml/IfZYtE=
29,117,WbF8B1NBCpa4XJDxge+Y+JFJYjE=,96gwz+LHBfIAlm9n/Kml/IfZYtE=
27,114,WbF8B1NBCpa4XJDxge+Y+JFJYjE=,96gwz+LHBfIAlm9n/Kml/IfZYtE=
24,112,WbF8B1NBCpa4XJDxge+Y+JFJYjE=,96gwz+LHBfIAlm9n/Kml/IfZYtE=
28,117,WbF8B1NBCpa4XJDxge+Y+JFJYjE=,96gwz+LHBfIAlm9n/Kml/IfZYtE=
27,118,WbF8B1NBCpa4XJDxge+Y+JFJYjE=,96gwz+LHBfIAlm9n/Kml/IfZYtE=
25,117,WbF8B1NBCpa4XJDxge+Y+JFJYjE=,96gwz+LHBfIAlm9n/Kml/IfZYtE=
17,120,WbF8B1NBCpa4XJDxge+Y+JFJYjE=,96gwz+LHBfIAlm9n/Kml/IfZYtE=
22,117,WbF8B1NBCpa4XJDxge+Y+JFJYjE=,96gwz+LHBfIAlm9n/Kml/IfZYtE=
23,117,WbF8B1NBCpa4XJDxge+Y+JFJYjE=,96gwz+LHBfIAlm9n/Kml/IfZYtE=
21,117,WbF8B1NBCpa4XJDxge+Y+JFJYjE=,96gwz+LHBfIAlm9n/Kml/IfZYtE=
18,117,WbF8B1NBCpa4XJDxge+Y+JFJYjE=,96gwz+LHBfIAlm9n/Kml/IfZYtE=
28,118,WbF8B1NBCpa4XJDxge+Y+JFJYjE=,96gwz+LHBfIAlm9n/Kml/IfZYtE=
27,117,WbF8B1NBCpa4XJDxge+Y+JFJYjE=,96gwz+LHBfIAlm9n/Kml/IfZYtE=
20,117,WbF8B1NBCpa4XJDxge+Y+JFJYjE=,96gwz+LHBfIAlm9n/Kml/IfZYtE=
24,113,WbF8B1NBCpa4XJDxge+Y+JFJYjE=,96gwz+LHBfIAlm9n/Kml/IfZYtE=
31,116,WbF8B1NBCpa4XJDxge+Y+JFJYjE=,96gwz+LHBfIAlm9n/Kml/IfZYtE=
16,117,WbF8B1NBCpa4XJDxge+Y+JFJYjE=,96gwz+LHBfIAlm9n/Kml/IfZYtE=
30,116,WbF8B1NBCpa4XJDxge+Y+JFJYjE=,96gwz+LHBfIAlm9n/Kml/IfZYtE=
24,114,WbF8B1NBCpa4XJDxge+Y+JFJYjE=,96gwz+LHBfIAlm9n/Kml/IfZYtE=
23,112,WbF8B1NBCpa4XJDxge+Y+JFJYjE=,96gwz+LHBfIAlm9n/Kml/IfZYtE=
29,116,WbF8B1NBCpa4XJDxge+Y+JFJYjE=,96gwz+LHBfIAlm9n/Kml/IfZYtE=
27,116,WbF8B1NBCpa4XJDxge+Y+JFJYjE=,96gwz+LHBfIAlm9n/Kml/IfZYtE=
16,112,WbF8B1NBCpa4XJDxge+Y+JFJYjE=,96gwz+LHBfIAlm9n/Kml/IfZYtE=
24,116,WbF8B1NBCpa4XJDxge+Y+JFJYjE=,96gwz+LHBfIAlm9n/Kml/IfZYtE=
23,116,WbF8B1NBCpa4XJDxge+Y+JFJYjE=,96gwz+LHBfIAlm9n/Kml/IfZYtE=
22,116,WbF8B1NBCpa4XJDxge+Y+JFJYjE=,96gwz+LHBfIAlm9n/Kml/IfZYtE=
28,116,WbF8B1NBCpa4XJDxge+Y+JFJYjE=,96gwz+LHBfIAlm9n/Kml/IfZYtE=
21,116,WbF8B1NBCpa4XJDxge+Y+JFJYjE=,96gwz+LHBfIAlm9n/Kml/IfZYtE=
26,116,WbF8B1NBCpa4XJDxge+Y+JFJYjE=,96gwz+LHBfIAlm9n/Kml/IfZYtE=
19,116,WbF8B1NBCpa4XJDxge+Y+JFJYjE=,96gwz+LHBfIAlm9n/Kml/IfZYtE=
18,116,WbF8B1NBCpa4XJDxge+Y+JFJYjE=,96gwz+LHBfIAlm9n/Kml/IfZYtE=
31,115,WbF8B1NBCpa4XJDxge+Y+JFJYjE=,96gwz+LHBfIAlm9n/Kml/IfZYtE=
20,116,WbF8B1NBCpa4XJDxge+Y+JFJYjE=,96gwz+LHBfIAlm9n/Kml/IfZYtE=
17,117,WbF8B1NBCpa4XJDxge+Y+JFJYjE=,96gwz+LHBfIAlm9n/Kml/IfZYtE=
17,116,WbF8B1NBCpa4XJDxge+Y+JFJYjE=,96gwz+LHBfIAlm9n/Kml/IfZYtE=
25,116,WbF8B1NBCpa4XJDxge+Y+JFJYjE=,96gwz+LHBfIAlm9n/Kml/IfZYtE=
23,114,WbF8B1NBCpa4XJDxge+Y+JFJYjE=,96gwz+LHBfIAlm9n/Kml/IfZYtE=
23,119,WbF8B1NBCpa4XJDxge+Y+JFJYjE=,96gwz+LHBfIAlm9n/Kml/IfZYtE=
21,121,WbF8B1NBCpa4XJDxge+Y+JFJYjE=,96gwz+LHBfIAlm9n/Kml/IfZYtE=
22,113,WbF8B1NBCpa4XJDxge+Y+JFJYjE=,96gwz+LHBfIAlm9n/Kml/IfZYtE=
20,121,WbF8B1NBCpa4XJDxge+Y+JFJYjE=,96gwz+LHBfIAlm9n/Kml/IfZYtE=
19,120,WbF8B1NBCpa4XJDxge+Y+JFJYjE=,96gwz+LHBfIAlm9n/Kml/IfZYtE=
24,117,WbF8B1NBCpa4XJDxge+Y+JFJYjE=,96gwz+LHBfIAlm9n/Kml/IfZYtE=
19,117,WbF8B1NBCpa4XJDxge+Y+JFJYjE=,96gwz+LHBfIAlm9n/Kml/IfZYtE=
23,113,WbF8B1NBCpa4XJDxge+Y+JFJYjE=,96gwz+LHBfIAlm9n/Kml/IfZYtE=
22,112,WbF8B1NBCpa4XJDxge+Y+JFJYjE=,96gwz+LHBfIAlm9n/Kml/IfZYtE=
16,116,WbF8B1NBCpa4XJDxge+Y+JFJYjE=,96gwz+LHBfIAlm9n/Kml/IfZYtE=
28,111,JyIeck3EtO5Is8i5imarSXOT2O0=,RcvavA/0xRK1PK7GIMOqrMMspGY=
27,111,JyIeck3EtO5Is8i5imarSXOT2O0=,RcvavA/0xRK1PK7GIMOqrMMspGY=
31,103,JyIeck3EtO5Is8i5imarSXOT2O0=,RcvavA/0xRK1PK7GIMOqrMMspGY=
22,98,JyIeck3EtO5Is8i5imarSXOT2O0=,RcvavA/0xRK1PK7GIMOqrMMspGY=
31,111,JyIeck3EtO5Is8i5imarSXOT2O0=,RcvavA/0xRK1PK7GIMOqrMMspGY=
27,104,JyIeck3EtO5Is8i5imarSXOT2O0=,RcvavA/0xRK1PK7GIMOqrMMspGY=
16,104,JyIeck3EtO5Is8i5imarSXOT2O0=,RcvavA/0xRK1PK7GIMOqrMMspGY=
30,111,JyIeck3EtO5Is8i5imarSXOT2O0=,RcvavA/0xRK1PK7GIMOqrMMspGY=
18,104,JyIeck3EtO5Is8i5imarSXOT2O0=,RcvavA/0xRK1PK7GIMOqrMMspGY=
24,104,JyIeck3EtO5Is8i5imarSXOT2O0=,RcvavA/0xRK1PK7GIMOqrMMspGY=
26,111,JyIeck3EtO5Is8i5imarSXOT2O0=,RcvavA/0xRK1PK7GIMOqrMMspGY=
23,98,JyIeck3EtO5Is8i5imarSXOT2O0=,RcvavA/0xRK1PK7GIMOqrMMspGY=
25,104,JyIeck3EtO5Is8i5imarSXOT2O0=,RcvavA/0xRK1PK7GIMOqrMMspGY=
22,104,JyIeck3EtO5Is8i5imarSXOT2O0=,RcvavA/0xRK1PK7GIMOqrMMspGY=
26,104,JyIeck3EtO5Is8i5imarSXOT2O0=,RcvavA/0xRK1PK7GIMOqrMMspGY=
21,104,JyIeck3EtO5Is8i5imarSXOT2O0=,RcvavA/0xRK1PK7GIMOqrMMspGY=
23,104,JyIeck3EtO5Is8i5imarSXOT2O0=,RcvavA/0xRK1PK7GIMOqrMMspGY=
20,104,JyIeck3EtO5Is8i5imarSXOT2O0=,RcvavA/0xRK1PK7GIMOqrMMspGY=
24,98,JyIeck3EtO5Is8i5imarSXOT2O0=,RcvavA/0xRK1PK7GIMOqrMMspGY=
17,104,JyIeck3EtO5Is8i5imarSXOT2O0=,RcvavA/0xRK1PK7GIMOqrMMspGY=
29,111,JyIeck3EtO5Is8i5imarSXOT2O0=,RcvavA/0xRK1PK7GIMOqrMMspGY=
25,98,JyIeck3EtO5Is8i5imarSXOT2O0=,RcvavA/0xRK1PK7GIMOqrMMspGY=
30,103,JyIeck3EtO5Is8i5imarSXOT2O0=,RcvavA/0xRK1PK7GIMOqrMMspGY=
24,111,JyIeck3EtO5Is8i5imarSXOT2O0=,RcvavA/0xRK1PK7GIMOqrMMspGY=
19,104,JyIeck3EtO5Is8i5imarSXOT2O0=,RcvavA/0xRK1PK7GIMOqrMMspGY=
23,111,JyIeck3EtO5Is8i5imarSXOT2O0=,RcvavA/0xRK1PK7GIMOqrMMspGY=
26,98,JyIeck3EtO5Is8i5imarSXOT2O0=,RcvavA/0xRK1PK7GIMOqrMMspGY=
28,103,JyIeck3EtO5Is8i5imarSXOT2O0=,RcvavA/0xRK1PK7GIMOqrMMspGY=
27,98,JyIeck3EtO5Is8i5imarSXOT2O0=,RcvavA/0xRK1PK7GIMOqrMMspGY=
31,110,JyIeck3EtO5Is8i5imarSXOT2O0=,RcvavA/0xRK1PK7GIMOqrMMspGY=
29,103,JyIeck3EtO5Is8i5imarSXOT2O0=,RcvavA/0xRK1PK7GIMOqrMMspGY=
21,111,JyIeck3EtO5Is8i5imarSXOT2O0=,RcvavA/0xRK1PK7GIMOqrMMspGY=
25,111,JyIeck3EtO5Is8i5imarSXOT2O0=,RcvavA/0xRK1PK7GIMOqrMMspGY=
22,111,JyIeck3EtO5Is8i5imarSXOT2O0=,RcvavA/0xRK1PK7GIMOqrMMspGY=
18,111,JyIeck3EtO5Is8i5imarSXOT2O0=,RcvavA/0xRK1PK7GIMOqrMMspGY=
28,98,JyIeck3EtO5Is8i5imarSXOT2O0=,RcvavA/0xRK1PK7GIMOqrMMspGY=
29,110,JyIeck3EtO5Is8i5imarSXOT2O0=,RcvavA/0xRK1PK7GIMOqrMMspGY=
28,110,JyIeck3EtO5Is8i5imarSXOT2O0=,RcvavA/0xRK1PK7GIMOqrMMspGY=
17,111,JyIeck3EtO5Is8i5imarSXOT2O0=,RcvavA/0xRK1PK7GIMOqrMMspGY=
27,110,JyIeck3EtO5Is8i5imarSXOT2O0=,RcvavA/0xRK1PK7GIMOqrMMspGY=
26,110,JyIeck3EtO5Is8i5imarSXOT2O0=,RcvavA/0xRK1PK7GIMOqrMMspGY=
19,111,JyIeck3EtO5Is8i5imarSXOT2O0=,RcvavA/0xRK1PK7GIMOqrMMspGY=
30,110,JyIeck3EtO5Is8i5imarSXOT2O0=,RcvavA/0xRK1PK7GIMOqrMMspGY=
16,111,JyIeck3EtO5Is8i5imarSXOT2O0=,RcvavA/0xRK1PK7GIMOqrMMspGY=
24,110,JyIeck3EtO5Is8i5imarSXOT2O0=,RcvavA/0xRK1PK7GIMOqrMMspGY=
23,110,JyIeck3EtO5Is8i5imarSXOT2O0=,RcvavA/0xRK1PK7GIMOqrMMspGY=
29,98,JyIeck3EtO5Is8i5imarSXOT2O0=,RcvavA/0xRK1PK7GIMOqrMMspGY=
19,110,JyIeck3EtO5Is8i5imarSXOT2O0=,RcvavA/0xRK1PK7GIMOqrMMspGY=
17,110,JyIeck3EtO5Is8i5imarSXOT2O0=,RcvavA/0xRK1PK7GIMOqrMMspGY=
22,110,JyIeck3EtO5Is8i5imarSXOT2O0=,RcvavA/0xRK1PK7GIMOqrMMspGY=
25,110,JyIeck3EtO5Is8i5imarSXOT2O0=,RcvavA/0xRK1PK7GIMOqrMMspGY=
20,111,JyIeck3EtO5Is8i5imarSXOT2O0=,RcvavA/0xRK1PK7GIMOqrMMspGY=
27,103,JyIeck3EtO5Is8i5imarSXOT2O0=,RcvavA/0xRK1PK7GIMOqrMMspGY=
26,103,JyIeck3EtO5Is8i5imarSXOT2O0=,RcvavA/0xRK1PK7GIMOqrMMspGY=
28,109,JyIeck3EtO5Is8i5imarSXOT2O0=,RcvavA/0xRK1PK7GIMOqrMMspGY=
21,110,JyIeck3EtO5Is8i5imarSXOT2O0=,RcvavA/0xRK1PK7GIMOqrMMspGY=
30,109,JyIeck3EtO5Is8i5imarSXOT2O0=,RcvavA/0xRK1PK7GIMOqrMMspGY=
29,109,JyIeck3EtO5Is8i5imarSXOT2O0=,RcvavA/0xRK1PK7GIMOqrMMspGY=
20,110,JyIeck3EtO5Is8i5imarSXOT2O0=,RcvavA/0xRK1PK7GIMOqrMMspGY=
27,109,JyIeck3EtO5Is8i5imarSXOT2O0=,RcvavA/0xRK1PK7GIMOqrMMspGY=
16,110,JyIeck3EtO5Is8i5imarSXOT2O0=,RcvavA/0xRK1PK7GIMOqrMMspGY=
31,109,JyIeck3EtO5Is8i5imarSXOT2O0=,RcvavA/0xRK1PK7GIMOqrMMspGY=
18,110,JyIeck3EtO5Is8i5imarSXOT2O0=,RcvavA/0xRK1PK7GIMOqrMMspGY=
26,109,JyIeck3EtO5Is8i5imarSXOT2O0=,RcvavA/0xRK1PK7GIMOqrMMspGY=
30,98,JyIeck3EtO5Is8i5imarSXOT2O0=,RcvavA/0xRK1PK7GIMOqrMMspGY=
22,109,JyIeck3EtO5Is8i5imarSXOT2O0=,RcvavA/0xRK1PK7GIMOqrMMspGY=
20,109,JyIeck3EtO5Is8i5imarSXOT2O0=,RcvavA/0xRK1PK7GIMOqrMMspGY=
21,109,JyIeck3EtO5Is8i5imarSXOT2O0=,RcvavA/0xRK1PK7GIMOqrMMspGY=
25,109,JyIeck3EtO5Is8i5imarSXOT2O0=,RcvavA/0xRK1PK7GIMOqrMMspGY=
23,109,JyIeck3EtO5Is8i5imarSXOT2O0=,RcvavA/0xRK1PK7GIMOqrMMspGY=
24,103,JyIeck3EtO5Is8i5imarSXOT2O0=,RcvavA/0xRK1PK7GIMOqrMMspGY=
19,109,JyIeck3EtO5Is8i5imarSXOT2O0=,RcvavA/0xRK1PK7GIMOqrMMspGY=
18,109,JyIeck3EtO5Is8i5imarSXOT2O0=,RcvavA/0xRK1PK7GIMOqrMMspGY=
16,109,JyIeck3EtO5Is8i5imarSXOT2O0=,RcvavA/0xRK1PK7GIMOqrMMspGY=
24,109,JyIeck3EtO5Is8i5imarSXOT2O0=,RcvavA/0xRK1PK7GIMOqrMMspGY=
25,103,JyIeck3EtO5Is8i5imarSXOT2O0=,RcvavA/0xRK1PK7GIMOqrMMspGY=
27,108,JyIeck3EtO5Is8i5imarSXOT2O0=,RcvavA/0xRK1PK7GIMOqrMMspGY=
26,108,JyIeck3EtO5Is8i5imarSXOT2O0=,RcvavA/0xRK1PK7GIMOqrMMspGY=
20,96,JyIeck3EtO5Is8i5imarSXOT2O0=,RcvavA/0xRK1PK7GIMOqrMMspGY=
25,108,JyIeck3EtO5Is8i5imarSXOT2O0=,RcvavA/0xRK1PK7GIMOqrMMspGY=
17,109,JyIeck3EtO5Is8i5imarSXOT2O0=,RcvavA/0xRK1PK7GIMOqrMMspGY=
29,108,JyIeck3EtO5Is8i5imarSXOT2O0=,RcvavA/0xRK1PK7GIMOqrMMspGY=
24,108,JyIeck3EtO5Is8i5imarSXOT2O0=,RcvavA/0xRK1PK7GIMOqrMMspGY=
28,108,JyIeck3EtO5Is8i5imarSXOT2O0=,RcvavA/0xRK1PK7GIMOqrMMspGY=
31,108,JyIeck3EtO5Is8i5imarSXOT2O0=,RcvavA/0xRK1PK7GIMOqrMMspGY=
23,103,JyIeck3EtO5Is8i5imarSXOT2O0=,RcvavA/0xRK1PK7GIMOqrMMspGY=
21,108,JyIeck3EtO5Is8i5imarSXOT2O0=,RcvavA/0xRK1PK7GIMOqrMMspGY=
30,108,JyIeck3EtO5Is8i5imarSXOT2O0=,RcvavA/0xRK1PK7GIMOqrMMspGY=
20,108,JyIeck3EtO5Is8i5imarSXOT2O0=,RcvavA/0xRK1PK7GIMOqrMMspGY=
19,108,JyIeck3EtO5Is8i5imarSXOT2O0=,RcvavA/0xRK1PK7GIMOqrMMspGY=
21,97,JyIeck3EtO5Is8i5imarSXOT2O0=,RcvavA/0xRK1PK7GIMOqrMMspGY=
20,97,JyIeck3EtO5Is8i5imarSXOT2O0=,RcvavA/0xRK1PK7GIMOqrMMspGY=
23,108,JyIeck3EtO5Is8i5imarSXOT2O0=,RcvavA/0xRK1PK7GIMOqrMMspGY=
28,96,JyIeck3EtO5Is8i5imarSXOT2O0=,RcvavA/0xRK1PK7GIMOqrMMspGY=
22,103,JyIeck3EtO5Is8i5imarSXOT2O0=,RcvavA/0xRK1PK7GIMOqrMMspGY=
27,96,JyIeck3EtO5Is8i5imarSXOT2O0=,RcvavA/0xRK1PK7GIMOqrMMspGY=
26,96,JyIeck3EtO5Is8i5imarSXOT2O0=,RcvavA/0xRK1PK7GIMOqrMMspGY=
21,103,JyIeck3EtO5Is8i5imarSXOT2O0=,RcvavA/0xRK1PK7GIMOqrMMspGY=
22,108,JyIeck3EtO5Is8i5imarSXOT2O0=,RcvavA/0xRK1PK7GIMOqrMMspGY=
31,98,JyIeck3EtO5Is8i5imarSXOT2O0=,RcvavA/0xRK1PK7GIMOqrMMspGY=
19,97,JyIeck3EtO5Is8i5imarSXOT2O0=,RcvavA/0xRK1PK7GIMOqrMMspGY=
29,107,JyIeck3EtO5Is8i5imarSXOT2O0=,RcvavA/0xRK1PK7GIMOqrMMspGY=
28,107,JyIeck3EtO5Is8i5imarSXOT2O0=,RcvavA/0xRK1PK7GIMOqrMMspGY=
27,107,JyIeck3EtO5Is8i5imarSXOT2O0=,RcvavA/0xRK1PK7GIMOqrMMspGY=
25,107,JyIeck3EtO5Is8i5imarSXOT2O0=,RcvavA/0xRK1PK7GIMOqrMMspGY=
16,99,JyIeck3EtO5Is8i5imarSXOT2O0=,RcvavA/0xRK1PK7GIMOqrMMspGY=
16,108,JyIeck3EtO5Is8i5imarSXOT2O0=,RcvavA/0xRK1PK7GIMOqrMMspGY=
30,107,JyIeck3EtO5Is8i5imarSXOT2O0=,RcvavA/0xRK1PK7GIMOqrMMspGY=
17,108,JyIeck3EtO5Is8i5imarSXOT2O0=,RcvavA/0xRK1PK7GIMOqrMMspGY=
18,108,JyIeck3EtO5Is8i5imarSXOT2O0=,RcvavA/0xRK1PK7GIMOqrMMspGY=
20,103,JyIeck3EtO5Is8i5imarSXOT2O0=,RcvavA/0xRK1PK7GIMOqrMMspGY=
24,107,JyIeck3EtO5Is8i5imarSXOT2O0=,RcvavA/0xRK1PK7GIMOqrMMspGY=
26,107,JyIeck3EtO5Is8i5imarSXOT2O0=,RcvavA/0xRK1PK7GIMOqrMMspGY=
23,107,JyIeck3EtO5Is8i5imarSXOT2O0=,RcvavA/0xRK1PK7GIMOqrMMspGY=
20,107,JyIeck3EtO5Is8i5imarSXOT2O0=,RcvavA/0xRK1PK7GIMOqrMMspGY=
31,107,JyIeck3EtO5Is8i5imarSXOT2O0=,RcvavA/0xRK1PK7GIMOqrMMspGY=
18,107,4Ppzg5O2DTiPKfAEppsaY3vo9Uc=,RcvavA/0xRK1PK7GIMOqrMMspGY=
22,107,4Ppzg5O2DTiPKfAEppsaY3vo9Uc=,RcvavA/0xRK1PK7GIMOqrMMspGY=
21,107,4Ppzg5O2DTiPKfAEppsaY3vo9Uc=,RcvavA/0xRK1PK7GIMOqrMMspGY=
19,103,4Ppzg5O2DTiPKfAEppsaY3vo9Uc=,RcvavA/0xRK1PK7GIMOqrMMspGY=
29,96,4Ppzg5O2DTiPKfAEppsaY3vo9Uc=,RcvavA/0xRK1PK7GIMOqrMMspGY=
18,103,4Ppzg5O2DTiPKfAEppsaY3vo9Uc=,RcvavA/0xRK1PK7GIMOqrMMspGY=
17,103,4Ppzg5O2DTiPKfAEppsaY3vo9Uc=,RcvavA/0xRK1PK7GIMOqrMMspGY=
29,106,4Ppzg5O2DTiPKfAEppsaY3vo9Uc=,RcvavA/0xRK1PK7GIMOqrMMspGY=
27,106,4Ppzg5O2DTiPKfAEppsaY3vo9Uc=,RcvavA/0xRK1PK7GIMOqrMMspGY=
19,107,4Ppzg5O2DTiPKfAEppsaY3vo9Uc=,RcvavA/0xRK1PK7GIMOqrMMspGY=
28,106,4Ppzg5O2DTiPKfAEppsaY3vo9Uc=,RcvavA/0xRK1PK7GIMOqrMMspGY=
17,99,4Ppzg5O2DTiPKfAEppsaY3vo9Uc=,RcvavA/0xRK1PK7GIMOqrMMspGY=
25,106,4Ppzg5O2DTiPKfAEppsaY3vo9Uc=,RcvavA/0xRK1PK7GIMOqrMMspGY=
16,107,4Ppzg5O2DTiPKfAEppsaY3vo9Uc=,RcvavA/0xRK1PK7GIMOqrMMspGY=
26,106,4Ppzg5O2DTiPKfAEppsaY3vo9Uc=,RcvavA/0xRK1PK7GIMOqrMMspGY=
18,99,4Ppzg5O2DTiPKfAEppsaY3vo9Uc=,RcvavA/0xRK1PK7GIMOqrMMspGY=
24,106,4Ppzg5O2DTiPKfAEppsaY3vo9Uc=,RcvavA/0xRK1PK7GIMOqrMMspGY=
21,106,4Ppzg5O2DTiPKfAEppsaY3vo9Uc=,RcvavA/0xRK1PK7GIMOqrMMspGY=
23,106,4Ppzg5O2DTiPKfAEppsaY3vo9Uc=,RcvavA/0xRK1PK7GIMOqrMMspGY=
19,106,4Ppzg5O2DTiPKfAEppsaY3vo9Uc=,RcvavA/0xRK1PK7GIMOqrMMspGY=
18,106,4Ppzg5O2DTiPKfAEppsaY3vo9Uc=,RcvavA/0xRK1PK7GIMOqrMMspGY=
19,99,4Ppzg5O2DTiPKfAEppsaY3vo9Uc=,RcvavA/0xRK1PK7GIMOqrMMspGY=
17,107,4Ppzg5O2DTiPKfAEppsaY3vo9Uc=,RcvavA/0xRK1PK7GIMOqrMMspGY=
16,103,4Ppzg5O2DTiPKfAEppsaY3vo9Uc=,RcvavA/0xRK1PK7GIMOqrMMspGY=
22,106,4Ppzg5O2DTiPKfAEppsaY3vo9Uc=,RcvavA/0xRK1PK7GIMOqrMMspGY=
17,106,4Ppzg5O2DTiPKfAEppsaY3vo9Uc=,RcvavA/0xRK1PK7GIMOqrMMspGY=
20,106,4Ppzg5O2DTiPKfAEppsaY3vo9Uc=,RcvavA/0xRK1PK7GIMOqrMMspGY=
30,102,4Ppzg5O2DTiPKfAEppsaY3vo9Uc=,RcvavA/0xRK1PK7GIMOqrMMspGY=
31,102,4Ppzg5O2DTiPKfAEppsaY3vo9Uc=,RcvavA/0xRK1PK7GIMOqrMMspGY=
31,106,4Ppzg5O2DTiPKfAEppsaY3vo9Uc=,RcvavA/0xRK1PK7GIMOqrMMspGY=
30,106,4Ppzg5O2DTiPKfAEppsaY3vo9Uc=,RcvavA/0xRK1PK7GIMOqrMMspGY=
16,106,4Ppzg5O2DTiPKfAEppsaY3vo9Uc=,RcvavA/0xRK1PK7GIMOqrMMspGY=
28,105,4Ppzg5O2DTiPKfAEppsaY3vo9Uc=,RcvavA/0xRK1PK7GIMOqrMMspGY=
26,105,4Ppzg5O2DTiPKfAEppsaY3vo9Uc=,RcvavA/0xRK1PK7GIMOqrMMspGY=
20,99,4Ppzg5O2DTiPKfAEppsaY3vo9Uc=,RcvavA/0xRK1PK7GIMOqrMMspGY=
25,105,4Ppzg5O2DTiPKfAEppsaY3vo9Uc=,RcvavA/0xRK1PK7GIMOqrMMspGY=
21,105,4Ppzg5O2DTiPKfAEppsaY3vo9Uc=,RcvavA/0xRK1PK7GIMOqrMMspGY=
27,105,4Ppzg5O2DTiPKfAEppsaY3vo9Uc=,RcvavA/0xRK1PK7GIMOqrMMspGY=
22,105,4Ppzg5O2DTiPKfAEppsaY3vo9Uc=,RcvavA/0xRK1PK7GIMOqrMMspGY=
29,105,4Ppzg5O2DTiPKfAEppsaY3vo9Uc=,RcvavA/0xRK1PK7GIMOqrMMspGY=
20,105,4Ppzg5O2DTiPKfAEppsaY3vo9Uc=,RcvavA/0xRK1PK7GIMOqrMMspGY=
21,99,4Ppzg5O2DTiPKfAEppsaY3vo9Uc=,RcvavA/0xRK1PK7GIMOqrMMspGY=
19,105,4Ppzg5O2DTiPKfAEppsaY3vo9Uc=,RcvavA/0xRK1PK7GIMOqrMMspGY=
18,105,4Ppzg5O2DTiPKfAEppsaY3vo9Uc=,RcvavA/0xRK1PK7GIMOqrMMspGY=
30,105,4Ppzg5O2DTiPKfAEppsaY3vo9Uc=,RcvavA/0xRK1PK7GIMOqrMMspGY=
24,105,4Ppzg5O2DTiPKfAEppsaY3vo9Uc=,RcvavA/0xRK1PK7GIMOqrMMspGY=
23,105,4Ppzg5O2DTiPKfAEppsaY3vo9Uc=,RcvavA/0xRK1PK7GIMOqrMMspGY=
17,105,4Ppzg5O2DTiPKfAEppsaY3vo9Uc=,RcvavA/0xRK1PK7GIMOqrMMspGY=
31,105,4Ppzg5O2DTiPKfAEppsaY3vo9Uc=,RcvavA/0xRK1PK7GIMOqrMMspGY=
16,105,4Ppzg5O2DTiPKfAEppsaY3vo9Uc=,RcvavA/0xRK1PK7GIMOqrMMspGY=
29,102,4Ppzg5O2DTiPKfAEppsaY3vo9Uc=,RcvavA/0xRK1PK7GIMOqrMMspGY=
27,102,4Ppzg5O2DTiPKfAEppsaY3vo9Uc=,RcvavA/0xRK1PK7GIMOqrMMspGY=
31,104,4Ppzg5O2DTiPKfAEppsaY3vo9Uc=,RcvavA/0xRK1PK7GIMOqrMMspGY=
28,104,4Ppzg5O2DTiPKfAEppsaY3vo9Uc=,RcvavA/0xRK1PK7GIMOqrMMspGY=
22,99,4Ppzg5O2DTiPKfAEppsaY3vo9Uc=,RcvavA/0xRK1PK7GIMOqrMMspGY=
29,104,4Ppzg5O2DTiPKfAEppsaY3vo9Uc=,RcvavA/0xRK1PK7GIMOqrMMspGY=
26,102,4Ppzg5O2DTiPKfAEppsaY3vo9Uc=,RcvavA/0xRK1PK7GIMOqrMMspGY=
25,96,4Ppzg5O2DTiPKfAEppsaY3vo9Uc=,RcvavA/0xRK1PK7GIMOqrMMspGY=
25,102,4Ppzg5O2DTiPKfAEppsaY3vo9Uc=,RcvavA/0xRK1PK7GIMOqrMMspGY=
19,96,4Ppzg5O2DTiPKfAEppsaY3vo9Uc=,RcvavA/0xRK1PK7GIMOqrMMspGY=
20,98,4Ppzg5O2DTiPKfAEppsaY3vo9Uc=,RcvavA/0xRK1PK7GIMOqrMMspGY=
28,102,4Ppzg5O2DTiPKfAEppsaY3vo9Uc=,RcvavA/0xRK1PK7GIMOqrMMspGY=
24,102,4Ppzg5O2DTiPKfAEppsaY3vo9Uc=,RcvavA/0xRK1PK7GIMOqrMMspGY=
24,96,4Ppzg5O2DTiPKfAEppsaY3vo9Uc=,RcvavA/0xRK1PK7GIMOqrMMspGY=
23,99,4Ppzg5O2DTiPKfAEppsaY3vo9Uc=,RcvavA/0xRK1PK7GIMOqrMMspGY=
18,96,4Ppzg5O2DTiPKfAEppsaY3vo9Uc=,RcvavA/0xRK1PK7GIMOqrMMspGY=
23,102,4Ppzg5O2DTiPKfAEppsaY3vo9Uc=,RcvavA/0xRK1PK7GIMOqrMMspGY=
30,104,4Ppzg5O2DTiPKfAEppsaY3vo9Uc=,RcvavA/0xRK1PK7GIMOqrMMspGY=
18,97,4Ppzg5O2DTiPKfAEppsaY3vo9Uc=,RcvavA/0xRK1PK7GIMOqrMMspGY=
21,102,4Ppzg5O2DTiPKfAEppsaY3vo9Uc=,RcvavA/0xRK1PK7GIMOqrMMspGY=
20,102,4Ppzg5O2DTiPKfAEppsaY3vo9Uc=,RcvavA/0xRK1PK7GIMOqrMMspGY=
21,98,4Ppzg5O2DTiPKfAEppsaY3vo9Uc=,RcvavA/0xRK1PK7GIMOqrMMspGY=
19,98,4Ppzg5O2DTiPKfAEppsaY3vo9Uc=,RcvavA/0xRK1PK7GIMOqrMMspGY=
22,102,4Ppzg5O2DTiPKfAEppsaY3vo9Uc=,RcvavA/0xRK1PK7GIMOqrMMspGY=
24,99,4Ppzg5O2DTiPKfAEppsaY3vo9Uc=,RcvavA/0xRK1PK7GIMOqrMMspGY=
17,96,4Ppzg5O2DTiPKfAEppsaY3vo9Uc=,RcvavA/0xRK1PK7GIMOqrMMspGY=
18,98,4Ppzg5O2DTiPKfAEppsaY3vo9Uc=,RcvavA/0xRK1PK7GIMOqrMMspGY=
16,98,4Ppzg5O2DTiPKfAEppsaY3vo9Uc=,RcvavA/0xRK1PK7GIMOqrMMspGY=
17,98,4Ppzg5O2DTiPKfAEppsaY3vo9Uc=,RcvavA/0xRK1PK7GIMOqrMMspGY=
17,97,4Ppzg5O2DTiPKfAEppsaY3vo9Uc=,RcvavA/0xRK1PK7GIMOqrMMspGY=
27,97,4Ppzg5O2DTiPKfAEppsaY3vo9Uc=,RcvavA/0xRK1PK7GIMOqrMMspGY=
28,97,4Ppzg5O2DTiPKfAEppsaY3vo9Uc=,RcvavA/0xRK1PK7GIMOqrMMspGY=
25,99,4Ppzg5O2DTiPKfAEppsaY3vo9Uc=,RcvavA/0xRK1PK7GIMOqrMMspGY=
25,97,4Ppzg5O2DTiPKfAEppsaY3vo9Uc=,RcvavA/0xRK1PK7GIMOqrMMspGY=
24,97,4Ppzg5O2DTiPKfAEppsaY3vo9Uc=,RcvavA/0xRK1PK7GIMOqrMMspGY=
26,97,4Ppzg5O2DTiPKfAEppsaY3vo9Uc=,RcvavA/0xRK1PK7GIMOqrMMspGY=
26,99,4Ppzg5O2DTiPKfAEppsaY3vo9Uc=,RcvavA/0xRK1PK7GIMOqrMMspGY=
19,102,4Ppzg5O2DTiPKfAEppsaY3vo9Uc=,RcvavA/0xRK1PK7GIMOqrMMspGY=
29,97,4Ppzg5O2DTiPKfAEppsaY3vo9Uc=,RcvavA/0xRK1PK7GIMOqrMMspGY=
22,97,4Ppzg5O2DTiPKfAEppsaY3vo9Uc=,RcvavA/0xRK1PK7GIMOqrMMspGY=
23,96,4Ppzg5O2DTiPKfAEppsaY3vo9Uc=,RcvavA/0xRK1PK7GIMOqrMMspGY=
23,97,4Ppzg5O2DTiPKfAEppsaY3vo9Uc=,RcvavA/0xRK1PK7GIMOqrMMspGY=
18,102,4Ppzg5O2DTiPKfAEppsaY3vo9Uc=,RcvavA/0xRK1PK7GIMOqrMMspGY=
16,102,4Ppzg5O2DTiPKfAEppsaY3vo9Uc=,RcvavA/0xRK1PK7GIMOqrMMspGY=
17,102,4Ppzg5O2DTiPKfAEppsaY3vo9Uc=,RcvavA/0xRK1PK7GIMOqrMMspGY=
29,101,4Ppzg5O2DTiPKfAEppsaY3vo9Uc=,RcvavA/0xRK1PK7GIMOqrMMspGY=
31,101,4Ppzg5O2DTiPKfAEppsaY3vo9Uc=,RcvavA/0xRK1PK7GIMOqrMMspGY=
30,97,4Ppzg5O2DTiPKfAEppsaY3vo9Uc=,RcvavA/0xRK1PK7GIMOqrMMspGY=
28,101,4Ppzg5O2DTiPKfAEppsaY3vo9Uc=,RcvavA/0xRK1PK7GIMOqrMMspGY=
30,101,4Ppzg5O2DTiPKfAEppsaY3vo9Uc=,RcvavA/0xRK1PK7GIMOqrMMspGY=
26,101,4Ppzg5O2DTiPKfAEppsaY3vo9Uc=,RcvavA/0xRK1PK7GIMOqrMMspGY=
27,101,4Ppzg5O2DTiPKfAEppsaY3vo9Uc=,RcvavA/0xRK1PK7GIMOqrMMspGY=
24,101,4Ppzg5O2DTiPKfAEppsaY3vo9Uc=,RcvavA/0xRK1PK7GIMOqrMMspGY=
27,99,4Ppzg5O2DTiPKfAEppsaY3vo9Uc=,RcvavA/0xRK1PK7GIMOqrMMspGY=
23,101,4Ppzg5O2DTiPKfAEppsaY3vo9Uc=,RcvavA/0xRK1PK7GIMOqrMMspGY=
25,101,4Ppzg5O2DTiPKfAEppsaY3vo9Uc=,RcvavA/0xRK1PK7GIMOqrMMspGY=
21,101,4Ppzg5O2DTiPKfAEppsaY3vo9Uc=,RcvavA/0xRK1PK7GIMOqrMMspGY=
22,101,4Ppzg5O2DTiPKfAEppsaY3vo9Uc=,RcvavA/0xRK1PK7GIMOqrMMspGY=
18,101,4Ppzg5O2DTiPKfAEppsaY3vo9Uc=,RcvavA/0xRK1PK7GIMOqrMMspGY=
17,101,4Ppzg5O2DTiPKfAEppsaY3vo9Uc=,RcvavA/0xRK1PK7GIMOqrMMspGY=
28,99,4Ppzg5O2DTiPKfAEppsaY3vo9Uc=,RcvavA/0xRK1PK7GIMOqrMMspGY=
16,101,4Ppzg5O2DTiPKfAEppsaY3vo9Uc=,RcvavA/0xRK1PK7GIMOqrMMspGY=
22,96,4Ppzg5O2DTiPKfAEppsaY3vo9Uc=,RcvavA/0xRK1PK7GIMOqrMMspGY=
16,96,4Ppzg5O2DTiPKfAEppsaY3vo9Uc=,RcvavA/0xRK1PK7GIMOqrMMspGY=
19,101,4Ppzg5O2DTiPKfAEppsaY3vo9Uc=,RcvavA/0xRK1PK7GIMOqrMMspGY=
29,100,4Ppzg5O2DTiPKfAEppsaY3vo9Uc=,RcvavA/0xRK1PK7GIMOqrMMspGY=
31,97,4Ppzg5O2DTiPKfAEppsaY3vo9Uc=,RcvavA/0xRK1PK7GIMOqrMMspGY=
27,100,4Ppzg5O2DTiPKfAEppsaY3vo9Uc=,RcvavA/0xRK1PK7GIMOqrMMspGY=
26,100,4Ppzg5O2DTiPKfAEppsaY3vo9Uc=,RcvavA/0xRK1PK7GIMOqrMMspGY=
28,100,4Ppzg5O2DTiPKfAEppsaY3vo9Uc=,RcvavA/0xRK1PK7GIMOqrMMspGY=
20,101,4Ppzg5O2DTiPKfAEppsaY3vo9Uc=,RcvavA/0xRK1PK7GIMOqrMMspGY=
25,100,4Ppzg5O2DTiPKfAEppsaY3vo9Uc=,RcvavA/0xRK1PK7GIMOqrMMspGY=
16,97,4Ppzg5O2DTiPKfAEppsaY3vo9Uc=,RcvavA/0xRK1PK7GIMOqrMMspGY=
22,100,4Ppzg5O2DTiPKfAEppsaY3vo9Uc=,RcvavA/0xRK1PK7GIMOqrMMspGY=
24,100,4Ppzg5O2DTiPKfAEppsaY3vo9Uc=,RcvavA/0xRK1PK7GIMOqrMMspGY=
20,100,4Ppzg5O2DTiPKfAEppsaY3vo9Uc=,RcvavA/0xRK1PK7GIMOqrMMspGY=
19,100,4Ppzg5O2DTiPKfAEppsaY3vo9Uc=,RcvavA/0xRK1PK7GIMOqrMMspGY=
23,100,4Ppzg5O2DTiPKfAEppsaY3vo9Uc=,RcvavA/0xRK1PK7GIMOqrMMspGY=
18,100,4Ppzg5O2DTiPKfAEppsaY3vo9Uc=,RcvavA/0xRK1PK7GIMOqrMMspGY=
29,99,4Ppzg5O2DTiPKfAEppsaY3vo9Uc=,RcvavA/0xRK1PK7GIMOqrMMspGY=
17,100,4Ppzg5O2DTiPKfAEppsaY3vo9Uc=,RcvavA/0xRK1PK7GIMOqrMMspGY=
21,96,4Ppzg5O2DTiPKfAEppsaY3vo9Uc=,RcvavA/0xRK1PK7GIMOqrMMspGY=
21,100,4Ppzg5O2DTiPKfAEppsaY3vo9Uc=,RcvavA/0xRK1PK7GIMOqrMMspGY=
30,100,4Ppzg5O2DTiPKfAEppsaY3vo9Uc=,RcvavA/0xRK1PK7GIMOqrMMspGY=
16,100,4Ppzg5O2DTiPKfAEppsaY3vo9Uc=,RcvavA/0xRK1PK7GIMOqrMMspGY=
31,99,4Ppzg5O2DTiPKfAEppsaY3vo9Uc=,RcvavA/0xRK1PK7GIMOqrMMspGY=
30,99,4Ppzg5O2DTiPKfAEppsaY3vo9Uc=,RcvavA/0xRK1PK7GIMOqrMMspGY=
31,100,4Ppzg5O2DTiPKfAEppsaY3vo9Uc=,RcvavA/0xRK1PK7GIMOqrMMspGY=
30,96,4Ppzg5O2DTiPKfAEppsaY3vo9Uc=,RcvavA/0xRK1PK7GIMOqrMMspGY=
31,96,4Ppzg5O2DTiPKfAEppsaY3vo9Uc=,RcvavA/0xRK1PK7GIMOqrMMspGY=
