160,-91,pyPSUlxz2YTWeLiBAMeVosaVDAY=,WTl7XBrazBxBf5oqRsHcdc0W7JQ=
164,-81,pyPSUlxz2YTWeLiBAMeVosaVDAY=,WTl7XBrazBxBf5oqRsHcdc0W7JQ=
160,-88,pyPSUlxz2YTWeLiBAMeVosaVDAY=,WTl7XBrazBxBf5oqRsHcdc0W7JQ=
163,-81,pyPSUlxz2YTWeLiBAMeVosaVDAY=,WTl7XBrazBxBf5oqRsHcdc0W7JQ=
162,-96,pyPSUlxz2YTWeLiBAMeVosaVDAY=,WTl7XBrazBxBf5oqRsHcdc0W7JQ=
164,-89,pyPSUlxz2YTWeLiBAMeVosaVDAY=,WTl7XBrazBxBf5oqRsHcdc0W7JQ=
164,-86,pyPSUlxz2YTWeLiBAMeVosaVDAY=,WTl7XBrazBxBf5oqRsHcdc0W7JQ=
161,-89,pyPSUlxz2YTWeLiBAMeVosaVDAY=,WTl7XBrazBxBf5oqRsHcdc0W7JQ=
164,-92,pyPSUlxz2YTWeLiBAMeVosaVDAY=,WTl7XBrazBxBf5oqRsHcdc0W7JQ=
161,-92,pyPSUlxz2YTWeLiBAMeVosaVDAY=,WTl7XBrazBxBf5oqRsHcdc0W7JQ=
162,-86,pyPSUlxz2YTWeLiBAMeVosaVDAY=,WTl7XBrazBxBf5oqRsHcdc0W7JQ=
161,-95,pyPSUlxz2YTWeLiBAMeVosaVDAY=,WTl7XBrazBxBf5oqRsHcdc0W7JQ=
161,-86,pyPSUlxz2YTWeLiBAMeVosaVDAY=,WTl7XBrazBxBf5oqRsHcdc0W7JQ=
163,-96,pyPSUlxz2YTWeLiBAMeVosaVDAY=,WTl7XBrazBxBf5oqRsHcdc0W7JQ=
163,-92,pyPSUlxz2YTWeLiBAMeVosaVDAY=,WTl7XBrazBxBf5oqRsHcdc0W7JQ=
163,-86,pyPSUlxz2YTWeLiBAMeVosaVDAY=,WTl7XBrazBxBf5oqRsHcdc0W7JQ=
162,-89,pyPSUlxz2YTWeLiBAMeVosaVDAY=,WTl7XBrazBxBf5oqRsHcdc0W7JQ=
164,-82,pyPSUlxz2YTWeLiBAMeVosaVDAY=,WTl7XBrazBxBf5oqRsHcdc0W7JQ=
160,-85,pyPSUlxz2YTWeLiBAMeVosaVDAY=,WTl7XBrazBxBf5oqRsHcdc0W7JQ=
162,-81,pyPSUlxz2YTWeLiBAMeVosaVDAY=,WTl7XBrazBxBf5oqRsHcdc0W7JQ=
163,-93,pyPSUlxz2YTWeLiBAMeVosaVDAY=,WTl7XBrazBxBf5oqRsHcdc0W7JQ=
163,-89,pyPSUlxz2YTWeLiBAMeVosaVDAY=,WTl7XBrazBxBf5oqRsHcdc0W7JQ=
162,-95,pyPSUlxz2YTWeLiBAMeVosaVDAY=,WTl7XBrazBxBf5oqRsHcdc0W7JQ=
162,-93,pyPSUlxz2YTWeLiBAMeVosaVDAY=,WTl7XBrazBxBf5oqRsHcdc0W7JQ=
160,-92,pyPSUlxz2YTWeLiBAMeVosaVDAY=,WTl7XBrazBxBf5oqRsHcdc0W7JQ=
160,-95,pyPSUlxz2YTWeLiBAMeVosaVDAY=,WTl7XBrazBxBf5oqRsHcdc0W7JQ=
161,-85,pyPSUlxz2YTWeLiBAMeVosaVDAY=,WTl7XBrazBxBf5oqRsHcdc0W7JQ=
161,-96,pyPSUlxz2YTWeLiBAMeVosaVDAY=,WTl7XBrazBxBf5oqRsHcdc0W7JQ=
163,-87,pyPSUlxz2YTWeLiBAMeVosaVDAY=,WTl7XBrazBxBf5oqRsHcdc0W7JQ=
160,-89,pyPSUlxz2YTWeLiBAMeVosaVDAY=,WTl7XBrazBxBf5oqRsHcdc0W7JQ=
161,-82,pyPSUlxz2YTWeLiBAMeVosaVDAY=,WTl7XBrazBxBf5oqRsHcdc0W7JQ=
160,-86,pyPSUlxz2YTWeLiBAMeVosaVDAY=,WTl7XBrazBxBf5oqRsHcdc0W7JQ=
161,-81,pyPSUlxz2YTWeLiBAMeVosaVDAY=,WTl7XBrazBxBf5oqRsHcdc0W7JQ=
164,-93,pyPSUlxz2YTWeLiBAMeVosaVDAY=,WTl7XBrazBxBf5oqRsHcdc0W7JQ=
163,-90,pyPSUlxz2YTWeLiBAMeVosaVDAY=,WTl7XBrazBxBf5oqRsHcdc0W7JQ=
164,-87,pyPSUlxz2YTWeLiBAMeVosaVDAY=,WTl7XBrazBxBf5oqRsHcdc0W7JQ=
161,-87,pyPSUlxz2YTWeLiBAMeVosaVDAY=,WTl7XBrazBxBf5oqRsHcdc0W7JQ=
162,-85,pyPSUlxz2YTWeLiBAMeVosaVDAY=,WTl7XBrazBxBf5oqRsHcdc0W7JQ=
164,-96,pyPSUlxz2YTWeLiBAMeVosaVDAY=,WTl7XBrazBxBf5oqRsHcdc0W7JQ=
163,-85,pyPSUlxz2YTWeLiBAMeVosaVDAY=,WTl7XBrazBxBf5oqRsHcdc0W7JQ=
160,-84,pyPSUlxz2YTWeLiBAMeVosaVDAY=,WTl7XBrazBxBf5oqRsHcdc0W7JQ=
162,-82,pyPSUlxz2YTWeLiBAMeVosaVDAY=,WTl7XBrazBxBf5oqRsHcdc0W7JQ=
164,-85,pyPSUlxz2YTWeLiBAMeVosaVDAY=,WTl7XBrazBxBf5oqRsHcdc0W7JQ=
162,-83,pyPSUlxz2YTWeLiBAMeVosaVDAY=,WTl7XBrazBxBf5oqRsHcdc0W7JQ=
161,-83,pyPSUlxz2YTWeLiBAMeVosaVDAY=,WTl7XBrazBxBf5oqRsHcdc0W7JQ=
161,-93,pyPSUlxz2YTWeLiBAMeVosaVDAY=,WTl7XBrazBxBf5oqRsHcdc0W7JQ=
162,-94,pyPSUlxz2YTWeLiBAMeVosaVDAY=,WTl7XBrazBxBf5oqRsHcdc0W7JQ=
160,-83,pyPSUlxz2YTWeLiBAMeVosaVDAY=,WTl7XBrazBxBf5oqRsHcdc0W7JQ=
164,-84,pyPSUlxz2YTWeLiBAMeVosaVDAY=,WTl7XBrazBxBf5oqRsHcdc0W7JQ=
161,-84,pyPSUlxz2YTWeLiBAMeVosaVDAY=,WTl7XBrazBxBf5oqRsHcdc0W7JQ=
160,-81,pyPSUlxz2YTWeLiBAMeVosaVDAY=,WTl7XBrazBxBf5oqRsHcdc0W7JQ=
163,-94,pyPSUlxz2YTWeLiBAMeVosaVDAY=,WTl7XBrazBxBf5oqRsHcdc0W7JQ=
163,-82,pyPSUlxz2YTWeLiBAMeVosaVDAY=,WTl7XBrazBxBf5oqRsHcdc0W7JQ=
164,-94,pyPSUlxz2YTWeLiBAMeVosaVDAY=,WTl7XBrazBxBf5oqRsHcdc0W7JQ=
160,-87,pyPSUlxz2YTWeLiBAMeVosaVDAY=,WTl7XBrazBxBf5oqRsHcdc0W7JQ=
164,-90,pyPSUlxz2YTWeLiBAMeVosaVDAY=,WTl7XBrazBxBf5oqRsHcdc0W7JQ=
162,-84,pyPSUlxz2YTWeLiBAMeVosaVDAY=,WTl7XBrazBxBf5oqRsHcdc0W7JQ=
162,-90,pyPSUlxz2YTWeLiBAMeVosaVDAY=,WTl7XBrazBxBf5oqRsHcdc0W7JQ=
164,-95,pyPSUlxz2YTWeLiBAMeVosaVDAY=,WTl7XBrazBxBf5oqRsHcdc0W7JQ=
164,-91,pyPSUlxz2YTWeLiBAMeVosaVDAY=,WTl7XBrazBxBf5oqRsHcdc0W7JQ=
160,-82,pyPSUlxz2YTWeLiBAMeVosaVDAY=,WTl7XBrazBxBf5oqRsHcdc0W7JQ=
161,-91,pyPSUlxz2YTWeLiBAMeVosaVDAY=,WTl7XBrazBxBf5oqRsHcdc0W7JQ=
163,-83,pyPSUlxz2YTWeLiBAMeVosaVDAY=,WTl7XBrazBxBf5oqRsHcdc0W7JQ=
164,-88,pyPSUlxz2YTWeLiBAMeVosaVDAY=,WTl7XBrazBxBf5oqRsHcdc0W7JQ=
163,-95,pyPSUlxz2YTWeLiBAMeVosaVDAY=,WTl7XBrazBxBf5oqRsHcdc0W7JQ=
162,-91,pyPSUlxz2YTWeLiBAMeVosaVDAY=,WTl7XBrazBxBf5oqRsHcdc0W7JQ=
163,-84,pyPSUlxz2YTWeLiBAMeVosaVDAY=,WTl7XBrazBxBf5oqRsHcdc0W7JQ=
162,-87,pyPSUlxz2YTWeLiBAMeVosaVDAY=,WTl7XBrazBxBf5oqRsHcdc0W7JQ=
162,-92,pyPSUlxz2YTWeLiBAMeVosaVDAY=,WTl7XBrazBxBf5oqRsHcdc0W7JQ=
161,-88,pyPSUlxz2YTWeLiBAMeVosaVDAY=,WTl7XBrazBxBf5oqRsHcdc0W7JQ=
163,-88,pyPSUlxz2YTWeLiBAMeVosaVDAY=,WTl7XBrazBxBf5oqRsHcdc0W7JQ=
161,-90,pyPSUlxz2YTWeLiBAMeVosaVDAY=,WTl7XBrazBxBf5oqRsHcdc0W7JQ=
160,-90,pyPSUlxz2YTWeLiBAMeVosaVDAY=,WTl7XBrazBxBf5oqRsHcdc0W7JQ=
160,-93,pyPSUlxz2YTWeLiBAMeVosaVDAY=,WTl7XBrazBxBf5oqRsHcdc0W7JQ=
163,-91,pyPSUlxz2YTWeLiBAMeVosaVDAY=,WTl7XBrazBxBf5oqRsHcdc0W7JQ=
160,-96,pyPSUlxz2YTWeLiBAMeVosaVDAY=,WTl7XBrazBxBf5oqRsHcdc0W7JQ=
162,-88,pyPSUlxz2YTWeLiBAMeVosaVDAY=,WTl7XBrazBxBf5oqRsHcdc0W7JQ=
161,-94,pyPSUlxz2YTWeLiBAMeVosaVDAY=,WTl7XBrazBxBf5oqRsHcdc0W7JQ=
164,-83,pyPSUlxz2YTWeLiBAMeVosaVDAY=,WTl7XBrazBxBf5oqRsHcdc0W7JQ=
160,-94,pyPSUlxz2YTWeLiBAMeVosaVDAY=,WTl7XBrazBxBf5oqRsHcdc0W7JQ=
162,-65,wqwQ9RuOn1XzOoRHjiOJm7VYY2k=,Yf3KnJGS0CvSW2TQXxFr6vzDGAk=
161,-65,wqwQ9RuOn1XzOoRHjiOJm7VYY2k=,Yf3KnJGS0CvSW2TQXxFr6vzDGAk=
160,-65,wqwQ9RuOn1XzOoRHjiOJm7VYY2k=,Yf3KnJGS0CvSW2TQXxFr6vzDGAk=
162,-79,wqwQ9RuOn1XzOoRHjiOJm7VYY2k=,Yf3KnJGS0CvSW2TQXxFr6vzDGAk=
163,-76,wqwQ9RuOn1XzOoRHjiOJm7VYY2k=,Yf3KnJGS0CvSW2TQXxFr6vzDGAk=
163,-65,wqwQ9RuOn1XzOoRHjiOJm7VYY2k=,Yf3KnJGS0CvSW2TQXxFr6vzDGAk=
163,-66,wqwQ9RuOn1XzOoRHjiOJm7VYY2k=,Yf3KnJGS0CvSW2TQXxFr6vzDGAk=
162,-66,wqwQ9RuOn1XzOoRHjiOJm7VYY2k=,Yf3KnJGS0CvSW2TQXxFr6vzDGAk=
164,-65,wqwQ9RuOn1XzOoRHjiOJm7VYY2k=,Yf3KnJGS0CvSW2TQXxFr6vzDGAk=
164,-66,wqwQ9RuOn1XzOoRHjiOJm7VYY2k=,Yf3KnJGS0CvSW2TQXxFr6vzDGAk=
160,-66,wqwQ9RuOn1XzOoRHjiOJm7VYY2k=,Yf3KnJGS0CvSW2TQXxFr6vzDGAk=
163,-67,wqwQ9RuOn1XzOoRHjiOJm7VYY2k=,Yf3KnJGS0CvSW2TQXxFr6vzDGAk=
164,-67,wqwQ9RuOn1XzOoRHjiOJm7VYY2k=,Yf3KnJGS0CvSW2TQXxFr6vzDGAk=
160,-68,wqwQ9RuOn1XzOoRHjiOJm7VYY2k=,Yf3KnJGS0CvSW2TQXxFr6vzDGAk=
161,-67,wqwQ9RuOn1XzOoRHjiOJm7VYY2k=,Yf3KnJGS0CvSW2TQXxFr6vzDGAk=
164,-70,wqwQ9RuOn1XzOoRHjiOJm7VYY2k=,Yf3KnJGS0CvSW2TQXxFr6vzDGAk=
160,-67,wqwQ9RuOn1XzOoRHjiOJm7VYY2k=,Yf3KnJGS0CvSW2TQXxFr6vzDGAk=
164,-76,wqwQ9RuOn1XzOoRHjiOJm7VYY2k=,Yf3KnJGS0CvSW2TQXxFr6vzDGAk=
163,-68,wqwQ9RuOn1XzOoRHjiOJm7VYY2k=,Yf3KnJGS0CvSW2TQXxFr6vzDGAk=
161,-66,wqwQ9RuOn1XzOoRHjiOJm7VYY2k=,Yf3KnJGS0CvSW2TQXxFr6vzDGAk=
162,-67,wqwQ9RuOn1XzOoRHjiOJm7VYY2k=,Yf3KnJGS0CvSW2TQXxFr6vzDGAk=
161,-68,wqwQ9RuOn1XzOoRHjiOJm7VYY2k=,Yf3KnJGS0CvSW2TQXxFr6vzDGAk=
161,-79,wqwQ9RuOn1XzOoRHjiOJm7VYY2k=,Yf3KnJGS0CvSW2TQXxFr6vzDGAk=
162,-72,wqwQ9RuOn1XzOoRHjiOJm7VYY2k=,Yf3KnJGS0CvSW2TQXxFr6vzDGAk=
162,-68,wqwQ9RuOn1XzOoRHjiOJm7VYY2k=,Yf3KnJGS0CvSW2TQXxFr6vzDGAk=
163,-73,wqwQ9RuOn1XzOoRHjiOJm7VYY2k=,Yf3KnJGS0CvSW2TQXxFr6vzDGAk=
162,-70,wqwQ9RuOn1XzOoRHjiOJm7VYY2k=,Yf3KnJGS0CvSW2TQXxFr6vzDGAk=
160,-72,wqwQ9RuOn1XzOoRHjiOJm7VYY2k=,Yf3KnJGS0CvSW2TQXxFr6vzDGAk=
161,-70,wqwQ9RuOn1XzOoRHjiOJm7VYY2k=,Yf3KnJGS0CvSW2TQXxFr6vzDGAk=
160,-69,wqwQ9RuOn1XzOoRHjiOJm7VYY2k=,Yf3KnJGS0CvSW2TQXxFr6vzDGAk=
164,-71,wqwQ9RuOn1XzOoRHjiOJm7VYY2k=,Yf3KnJGS0CvSW2TQXxFr6vzDGAk=
161,-72,wqwQ9RuOn1XzOoRHjiOJm7VYY2k=,Yf3KnJGS0CvSW2TQXxFr6vzDGAk=
164,-68,wqwQ9RuOn1XzOoRHjiOJm7VYY2k=,Yf3KnJGS0CvSW2TQXxFr6vzDGAk=
163,-70,wqwQ9RuOn1XzOoRHjiOJm7VYY2k=,Yf3KnJGS0CvSW2TQXxFr6vzDGAk=
164,-77,wqwQ9RuOn1XzOoRHjiOJm7VYY2k=,Yf3KnJGS0CvSW2TQXxFr6vzDGAk=
164,-80,wqwQ9RuOn1XzOoRHjiOJm7VYY2k=,Yf3KnJGS0CvSW2TQXxFr6vzDGAk=
160,-76,wqwQ9RuOn1XzOoRHjiOJm7VYY2k=,Yf3KnJGS0CvSW2TQXxFr6vzDGAk=
161,-80,wqwQ9RuOn1XzOoRHjiOJm7VYY2k=,Yf3KnJGS0CvSW2TQXxFr6vzDGAk=
160,-79,wqwQ9RuOn1XzOoRHjiOJm7VYY2k=,Yf3KnJGS0CvSW2TQXxFr6vzDGAk=
163,-71,wqwQ9RuOn1XzOoRHjiOJm7VYY2k=,Yf3KnJGS0CvSW2TQXxFr6vzDGAk=
163,-77,wqwQ9RuOn1XzOoRHjiOJm7VYY2k=,Yf3KnJGS0CvSW2TQXxFr6vzDGAk=
162,-77,wqwQ9RuOn1XzOoRHjiOJm7VYY2k=,Yf3KnJGS0CvSW2TQXxFr6vzDGAk=
161,-77,wqwQ9RuOn1XzOoRHjiOJm7VYY2k=,Yf3KnJGS0CvSW2TQXxFr6vzDGAk=
162,-80,wqwQ9RuOn1XzOoRHjiOJm7VYY2k=,Yf3KnJGS0CvSW2TQXxFr6vzDGAk=
163,-74,wqwQ9RuOn1XzOoRHjiOJm7VYY2k=,Yf3KnJGS0CvSW2TQXxFr6vzDGAk=
160,-70,wqwQ9RuOn1XzOoRHjiOJm7VYY2k=,Yf3KnJGS0CvSW2TQXxFr6vzDGAk=
160,-73,wqwQ9RuOn1XzOoRHjiOJm7VYY2k=,Yf3KnJGS0CvSW2TQXxFr6vzDGAk=
161,-73,wqwQ9RuOn1XzOoRHjiOJm7VYY2k=,Yf3KnJGS0CvSW2TQXxFr6vzDGAk=
163,-79,wqwQ9RuOn1XzOoRHjiOJm7VYY2k=,Yf3KnJGS0CvSW2TQXxFr6vzDGAk=
160,-77,wqwQ9RuOn1XzOoRHjiOJm7VYY2k=,Yf3KnJGS0CvSW2TQXxFr6vzDGAk=
162,-76,wqwQ9RuOn1XzOoRHjiOJm7VYY2k=,Yf3KnJGS0CvSW2TQXxFr6vzDGAk=
164,-78,wqwQ9RuOn1XzOoRHjiOJm7VYY2k=,Yf3KnJGS0CvSW2TQXxFr6vzDGAk=
160,-74,wqwQ9RuOn1XzOoRHjiOJm7VYY2k=,Yf3KnJGS0CvSW2TQXxFr6vzDGAk=
164,-74,wqwQ9RuOn1XzOoRHjiOJm7VYY2k=,Yf3KnJGS0CvSW2TQXxFr6vzDGAk=
164,-75,wqwQ9RuOn1XzOoRHjiOJm7VYY2k=,Yf3KnJGS0CvSW2TQXxFr6vzDGAk=
162,-73,wqwQ9RuOn1XzOoRHjiOJm7VYY2k=,Yf3KnJGS0CvSW2TQXxFr6vzDGAk=
161,-74,wqwQ9RuOn1XzOoRHjiOJm7VYY2k=,Yf3KnJGS0CvSW2TQXxFr6vzDGAk=
160,-80,wqwQ9RuOn1XzOoRHjiOJm7VYY2k=,Yf3KnJGS0CvSW2TQXxFr6vzDGAk=
163,-80,wqwQ9RuOn1XzOoRHjiOJm7VYY2k=,Yf3KnJGS0CvSW2TQXxFr6vzDGAk=
163,-78,wqwQ9RuOn1XzOoRHjiOJm7VYY2k=,Yf3KnJGS0CvSW2TQXxFr6vzDGAk=
163,-75,wqwQ9RuOn1XzOoRHjiOJm7VYY2k=,Yf3KnJGS0CvSW2TQXxFr6vzDGAk=
164,-69,wqwQ9RuOn1XzOoRHjiOJm7VYY2k=,Yf3KnJGS0CvSW2TQXxFr6vzDGAk=
161,-71,wqwQ9RuOn1XzOoRHjiOJm7VYY2k=,Yf3KnJGS0CvSW2TQXxFr6vzDGAk=
161,-76,wqwQ9RuOn1XzOoRHjiOJm7VYY2k=,Yf3KnJGS0CvSW2TQXxFr6vzDGAk=
162,-78,wqwQ9RuOn1XzOoRHjiOJm7VYY2k=,Yf3KnJGS0CvSW2TQXxFr6vzDGAk=
161,-75,wqwQ9RuOn1XzOoRHjiOJm7VYY2k=,Yf3KnJGS0CvSW2TQXxFr6vzDGAk=
162,-69,wqwQ9RuOn1XzOoRHjiOJm7VYY2k=,Yf3KnJGS0CvSW2TQXxFr6vzDGAk=
161,-69,wqwQ9RuOn1XzOoRHjiOJm7VYY2k=,Yf3KnJGS0CvSW2TQXxFr6vzDGAk=
160,-71,wqwQ9RuOn1XzOoRHjiOJm7VYY2k=,Yf3KnJGS0CvSW2TQXxFr6vzDGAk=
162,-71,wqwQ9RuOn1XzOoRHjiOJm7VYY2k=,Yf3KnJGS0CvSW2TQXxFr6vzDGAk=
162,-74,wqwQ9RuOn1XzOoRHjiOJm7VYY2k=,Yf3KnJGS0CvSW2TQXxFr6vzDGAk=
164,-72,wqwQ9RuOn1XzOoRHjiOJm7VYY2k=,Yf3KnJGS0CvSW2TQXxFr6vzDGAk=
163,-69,wqwQ9RuOn1XzOoRHjiOJm7VYY2k=,Yf3KnJGS0CvSW2TQXxFr6vzDGAk=
164,-73,wqwQ9RuOn1XzOoRHjiOJm7VYY2k=,Yf3KnJGS0CvSW2TQXxFr6vzDGAk=
160,-75,wqwQ9RuOn1XzOoRHjiOJm7VYY2k=,Yf3KnJGS0CvSW2TQXxFr6vzDGAk=
160,-78,wqwQ9RuOn1XzOoRHjiOJm7VYY2k=,Yf3KnJGS0CvSW2TQXxFr6vzDGAk=
163,-72,wqwQ9RuOn1XzOoRHjiOJm7VYY2k=,Yf3KnJGS0CvSW2TQXxFr6vzDGAk=
162,-75,wqwQ9RuOn1XzOoRHjiOJm7VYY2k=,Yf3KnJGS0CvSW2TQXxFr6vzDGAk=
164,-79,wqwQ9RuOn1XzOoRHjiOJm7VYY2k=,Yf3KnJGS0CvSW2TQXxFr6vzDGAk=
161,-78,wqwQ9RuOn1XzOoRHjiOJm7VYY2k=,Yf3KnJGS0CvSW2TQXxFr6vzDGAk=
