-11,-12,KrgMlIlSXGPP9GzLzizI7FX0sFE=,b0epH71VBRF8jtoOz2l44M9pUqE=
-12,-12,lOu0FYfLjdQUgzQ+x1wtcRiE6Io=,b0epH71VBRF8jtoOz2l44M9pUqE=
-10,-9,lOu0FYfLjdQUgzQ+x1wtcRiE6Io=,b0epH71VBRF8jtoOz2l44M9pUqE=
-16,-12,lOu0FYfLjdQUgzQ+x1wtcRiE6Io=,b0epH71VBRF8jtoOz2l44M9pUqE=
-11,-9,lOu0FYfLjdQUgzQ+x1wtcRiE6Io=,b0epH71VBRF8jtoOz2l44M9pUqE=
-16,-8,lOu0FYfLjdQUgzQ+x1wtcRiE6Io=,rn66kFJ/L45q7B7KZeOEGZ7q0ek=
-12,-9,lOu0FYfLjdQUgzQ+x1wtcRiE6Io=,b0epH71VBRF8jtoOz2l44M9pUqE=
-9,-10,lOu0FYfLjdQUgzQ+x1wtcRiE6Io=,b0epH71VBRF8jtoOz2l44M9pUqE=
-10,-10,lOu0FYfLjdQUgzQ+x1wtcRiE6Io=,b0epH71VBRF8jtoOz2l44M9pUqE=
-16,-9,lOu0FYfLjdQUgzQ+x1wtcRiE6Io=,b0epH71VBRF8jtoOz2l44M9pUqE=
-15,-6,lOu0FYfLjdQUgzQ+x1wtcRiE6Io=,rn66kFJ/L45q7B7KZeOEGZ7q0ek=
-13,-6,lOu0FYfLjdQUgzQ+x1wtcRiE6Io=,rn66kFJ/L45q7B7KZeOEGZ7q0ek=
-11,-10,lOu0FYfLjdQUgzQ+x1wtcRiE6Io=,b0epH71VBRF8jtoOz2l44M9pUqE=
-14,-6,lOu0FYfLjdQUgzQ+x1wtcRiE6Io=,rn66kFJ/L45q7B7KZeOEGZ7q0ek=
-15,-5,lOu0FYfLjdQUgzQ+x1wtcRiE6Io=,rn66kFJ/L45q7B7KZeOEGZ7q0ek=
-16,-10,lOu0FYfLjdQUgzQ+x1wtcRiE6Io=,b0epH71VBRF8jtoOz2l44M9pUqE=
-12,-10,lOu0FYfLjdQUgzQ+x1wtcRiE6Io=,b0epH71VBRF8jtoOz2l44M9pUqE=
-13,-5,lOu0FYfLjdQUgzQ+x1wtcRiE6Io=,rn66kFJ/L45q7B7KZeOEGZ7q0ek=
-14,-5,lOu0FYfLjdQUgzQ+x1wtcRiE6Io=,rn66kFJ/L45q7B7KZeOEGZ7q0ek=
-9,-11,lOu0FYfLjdQUgzQ+x1wtcRiE6Io=,b0epH71VBRF8jtoOz2l44M9pUqE=
-15,-7,lOu0FYfLjdQUgzQ+x1wtcRiE6Io=,rn66kFJ/L45q7B7KZeOEGZ7q0ek=
-10,-11,lOu0FYfLjdQUgzQ+x1wtcRiE6Io=,b0epH71VBRF8jtoOz2l44M9pUqE=
-16,-11,lOu0FYfLjdQUgzQ+x1wtcRiE6Io=,b0epH71VBRF8jtoOz2l44M9pUqE=
-11,-11,lOu0FYfLjdQUgzQ+x1wtcRiE6Io=,b0epH71VBRF8jtoOz2l44M9pUqE=
-16,-7,lOu0FYfLjdQUgzQ+x1wtcRiE6Io=,rn66kFJ/L45q7B7KZeOEGZ7q0ek=
-14,-7,lOu0FYfLjdQUgzQ+x1wtcRiE6Io=,rn66kFJ/L45q7B7KZeOEGZ7q0ek=
-13,-7,lOu0FYfLjdQUgzQ+x1wtcRiE6Io=,rn66kFJ/L45q7B7KZeOEGZ7q0ek=
-12,-11,lOu0FYfLjdQUgzQ+x1wtcRiE6Io=,b0epH71VBRF8jtoOz2l44M9pUqE=
-16,-5,lOu0FYfLjdQUgzQ+x1wtcRiE6Io=,rn66kFJ/L45q7B7KZeOEGZ7q0ek=
-15,-11,lOu0FYfLjdQUgzQ+x1wtcRiE6Io=,b0epH71VBRF8jtoOz2l44M9pUqE=
-14,-11,lOu0FYfLjdQUgzQ+x1wtcRiE6Io=,b0epH71VBRF8jtoOz2l44M9pUqE=
-9,-12,lOu0FYfLjdQUgzQ+x1wtcRiE6Io=,b0epH71VBRF8jtoOz2l44M9pUqE=
-16,-6,lOu0FYfLjdQUgzQ+x1wtcRiE6Io=,rn66kFJ/L45q7B7KZeOEGZ7q0ek=
-13,-11,lOu0FYfLjdQUgzQ+x1wtcRiE6Io=,b0epH71VBRF8jtoOz2l44M9pUqE=
-10,-12,lOu0FYfLjdQUgzQ+x1wtcRiE6Io=,b0epH71VBRF8jtoOz2l44M9pUqE=
-9,-7,lOu0FYfLjdQUgzQ+x1wtcRiE6Io=,rn66kFJ/L45q7B7KZeOEGZ7q0ek=
-13,-12,lOu0FYfLjdQUgzQ+x1wtcRiE6Io=,b0epH71VBRF8jtoOz2l44M9pUqE=
-10,-8,drsOa+6DFJjs6ld/ly0JI0TMPPw=,rn66kFJ/L45q7B7KZeOEGZ7q0ek=
-9,-16,drsOa+6DFJjs6ld/ly0JI0TMPPw=,b0epH71VBRF8jtoOz2l44M9pUqE=
-14,-12,drsOa+6DFJjs6ld/ly0JI0TMPPw=,b0epH71VBRF8jtoOz2l44M9pUqE=
-10,-16,drsOa+6DFJjs6ld/ly0JI0TMPPw=,b0epH71VBRF8jtoOz2l44M9pUqE=
-11,-8,drsOa+6DFJjs6ld/ly0JI0TMPPw=,rn66kFJ/L45q7B7KZeOEGZ7q0ek=
-11,-16,drsOa+6DFJjs6ld/ly0JI0TMPPw=,b0epH71VBRF8jtoOz2l44M9pUqE=
-12,-8,drsOa+6DFJjs6ld/ly0JI0TMPPw=,rn66kFJ/L45q7B7KZeOEGZ7q0ek=
-13,-10,drsOa+6DFJjs6ld/ly0JI0TMPPw=,b0epH71VBRF8jtoOz2l44M9pUqE=
-15,-12,drsOa+6DFJjs6ld/ly0JI0TMPPw=,b0epH71VBRF8jtoOz2l44M9pUqE=
-11,-7,drsOa+6DFJjs6ld/ly0JI0TMPPw=,rn66kFJ/L45q7B7KZeOEGZ7q0ek=
-14,-10,drsOa+6DFJjs6ld/ly0JI0TMPPw=,b0epH71VBRF8jtoOz2l44M9pUqE=
-12,-16,drsOa+6DFJjs6ld/ly0JI0TMPPw=,b0epH71VBRF8jtoOz2l44M9pUqE=
-15,-10,drsOa+6DFJjs6ld/ly0JI0TMPPw=,b0epH71VBRF8jtoOz2l44M9pUqE=
-15,-9,drsOa+6DFJjs6ld/ly0JI0TMPPw=,b0epH71VBRF8jtoOz2l44M9pUqE=
-12,-7,drsOa+6DFJjs6ld/ly0JI0TMPPw=,rn66kFJ/L45q7B7KZeOEGZ7q0ek=
-9,-1,drsOa+6DFJjs6ld/ly0JI0TMPPw=,rn66kFJ/L45q7B7KZeOEGZ7q0ek=
-9,-13,drsOa+6DFJjs6ld/ly0JI0TMPPw=,b0epH71VBRF8jtoOz2l44M9pUqE=
-10,-5,drsOa+6DFJjs6ld/ly0JI0TMPPw=,rn66kFJ/L45q7B7KZeOEGZ7q0ek=
-13,-9,drsOa+6DFJjs6ld/ly0JI0TMPPw=,b0epH71VBRF8jtoOz2l44M9pUqE=
-13,-8,drsOa+6DFJjs6ld/ly0JI0TMPPw=,rn66kFJ/L45q7B7KZeOEGZ7q0ek=
-9,-2,drsOa+6DFJjs6ld/ly0JI0TMPPw=,rn66kFJ/L45q7B7KZeOEGZ7q0ek=
-10,-13,drsOa+6DFJjs6ld/ly0JI0TMPPw=,b0epH71VBRF8jtoOz2l44M9pUqE=
-14,-9,drsOa+6DFJjs6ld/ly0JI0TMPPw=,b0epH71VBRF8jtoOz2l44M9pUqE=
-11,-5,drsOa+6DFJjs6ld/ly0JI0TMPPw=,rn66kFJ/L45q7B7KZeOEGZ7q0ek=
-10,-3,drsOa+6DFJjs6ld/ly0JI0TMPPw=,rn66kFJ/L45q7B7KZeOEGZ7q0ek=
-15,-8,drsOa+6DFJjs6ld/ly0JI0TMPPw=,rn66kFJ/L45q7B7KZeOEGZ7q0ek=
-11,-13,drsOa+6DFJjs6ld/ly0JI0TMPPw=,b0epH71VBRF8jtoOz2l44M9pUqE=
-16,-1,drsOa+6DFJjs6ld/ly0JI0TMPPw=,rn66kFJ/L45q7B7KZeOEGZ7q0ek=
-12,-5,drsOa+6DFJjs6ld/ly0JI0TMPPw=,rn66kFJ/L45q7B7KZeOEGZ7q0ek=
-12,-13,drsOa+6DFJjs6ld/ly0JI0TMPPw=,b0epH71VBRF8jtoOz2l44M9pUqE=
-11,-3,drsOa+6DFJjs6ld/ly0JI0TMPPw=,rn66kFJ/L45q7B7KZeOEGZ7q0ek=
-16,-2,drsOa+6DFJjs6ld/ly0JI0TMPPw=,rn66kFJ/L45q7B7KZeOEGZ7q0ek=
-10,-6,drsOa+6DFJjs6ld/ly0JI0TMPPw=,rn66kFJ/L45q7B7KZeOEGZ7q0ek=
-9,-14,drsOa+6DFJjs6ld/ly0JI0TMPPw=,b0epH71VBRF8jtoOz2l44M9pUqE=
-14,-8,drsOa+6DFJjs6ld/ly0JI0TMPPw=,rn66kFJ/L45q7B7KZeOEGZ7q0ek=
-16,-3,drsOa+6DFJjs6ld/ly0JI0TMPPw=,rn66kFJ/L45q7B7KZeOEGZ7q0ek=
-12,-3,drsOa+6DFJjs6ld/ly0JI0TMPPw=,rn66kFJ/L45q7B7KZeOEGZ7q0ek=
-11,-6,drsOa+6DFJjs6ld/ly0JI0TMPPw=,rn66kFJ/L45q7B7KZeOEGZ7q0ek=
-10,-14,drsOa+6DFJjs6ld/ly0JI0TMPPw=,b0epH71VBRF8jtoOz2l44M9pUqE=
-16,-4,drsOa+6DFJjs6ld/ly0JI0TMPPw=,rn66kFJ/L45q7B7KZeOEGZ7q0ek=
-12,-6,drsOa+6DFJjs6ld/ly0JI0TMPPw=,rn66kFJ/L45q7B7KZeOEGZ7q0ek=
-1,-16,drsOa+6DFJjs6ld/ly0JI0TMPPw=,UirpuUzFKkZN970JNKqlQaSuzDE=
-10,-4,drsOa+6DFJjs6ld/ly0JI0TMPPw=,rn66kFJ/L45q7B7KZeOEGZ7q0ek=
-11,-14,drsOa+6DFJjs6ld/ly0JI0TMPPw=,b0epH71VBRF8jtoOz2l44M9pUqE=
-2,-16,drsOa+6DFJjs6ld/ly0JI0TMPPw=,UirpuUzFKkZN970JNKqlQaSuzDE=
-15,-1,drsOa+6DFJjs6ld/ly0JI0TMPPw=,rn66kFJ/L45q7B7KZeOEGZ7q0ek=
-13,-2,drsOa+6DFJjs6ld/ly0JI0TMPPw=,rn66kFJ/L45q7B7KZeOEGZ7q0ek=
-10,-7,drsOa+6DFJjs6ld/ly0JI0TMPPw=,rn66kFJ/L45q7B7KZeOEGZ7q0ek=
-14,-1,drsOa+6DFJjs6ld/ly0JI0TMPPw=,rn66kFJ/L45q7B7KZeOEGZ7q0ek=
-11,-4,drsOa+6DFJjs6ld/ly0JI0TMPPw=,rn66kFJ/L45q7B7KZeOEGZ7q0ek=
-3,-16,drsOa+6DFJjs6ld/ly0JI0TMPPw=,UirpuUzFKkZN970JNKqlQaSuzDE=
-14,-2,drsOa+6DFJjs6ld/ly0JI0TMPPw=,rn66kFJ/L45q7B7KZeOEGZ7q0ek=
-1,-11,drsOa+6DFJjs6ld/ly0JI0TMPPw=,UirpuUzFKkZN970JNKqlQaSuzDE=
-12,-14,drsOa+6DFJjs6ld/ly0JI0TMPPw=,b0epH71VBRF8jtoOz2l44M9pUqE=
-13,-1,drsOa+6DFJjs6ld/ly0JI0TMPPw=,rn66kFJ/L45q7B7KZeOEGZ7q0ek=
-1,-12,drsOa+6DFJjs6ld/ly0JI0TMPPw=,UirpuUzFKkZN970JNKqlQaSuzDE=
-15,-4,drsOa+6DFJjs6ld/ly0JI0TMPPw=,rn66kFJ/L45q7B7KZeOEGZ7q0ek=
-4,-16,drsOa+6DFJjs6ld/ly0JI0TMPPw=,UirpuUzFKkZN970JNKqlQaSuzDE=
-12,-4,drsOa+6DFJjs6ld/ly0JI0TMPPw=,rn66kFJ/L45q7B7KZeOEGZ7q0ek=
-15,-2,drsOa+6DFJjs6ld/ly0JI0TMPPw=,rn66kFJ/L45q7B7KZeOEGZ7q0ek=
-1,-9,drsOa+6DFJjs6ld/ly0JI0TMPPw=,UirpuUzFKkZN970JNKqlQaSuzDE=
-10,-1,drsOa+6DFJjs6ld/ly0JI0TMPPw=,rn66kFJ/L45q7B7KZeOEGZ7q0ek=
-16,-16,drsOa+6DFJjs6ld/ly0JI0TMPPw=,b0epH71VBRF8jtoOz2l44M9pUqE=
-14,-4,drsOa+6DFJjs6ld/ly0JI0TMPPw=,rn66kFJ/L45q7B7KZeOEGZ7q0ek=
-13,-3,drsOa+6DFJjs6ld/ly0JI0TMPPw=,rn66kFJ/L45q7B7KZeOEGZ7q0ek=
-5,-16,drsOa+6DFJjs6ld/ly0JI0TMPPw=,UirpuUzFKkZN970JNKqlQaSuzDE=
-1,-10,drsOa+6DFJjs6ld/ly0JI0TMPPw=,UirpuUzFKkZN970JNKqlQaSuzDE=
-9,-15,drsOa+6DFJjs6ld/ly0JI0TMPPw=,b0epH71VBRF8jtoOz2l44M9pUqE=
-11,-1,drsOa+6DFJjs6ld/ly0JI0TMPPw=,rn66kFJ/L45q7B7KZeOEGZ7q0ek=
-2,-9,drsOa+6DFJjs6ld/ly0JI0TMPPw=,UirpuUzFKkZN970JNKqlQaSuzDE=
-14,-3,drsOa+6DFJjs6ld/ly0JI0TMPPw=,rn66kFJ/L45q7B7KZeOEGZ7q0ek=
-6,-16,drsOa+6DFJjs6ld/ly0JI0TMPPw=,UirpuUzFKkZN970JNKqlQaSuzDE=
-9,-3,drsOa+6DFJjs6ld/ly0JI0TMPPw=,rn66kFJ/L45q7B7KZeOEGZ7q0ek=
-12,-1,drsOa+6DFJjs6ld/ly0JI0TMPPw=,rn66kFJ/L45q7B7KZeOEGZ7q0ek=
-3,-9,drsOa+6DFJjs6ld/ly0JI0TMPPw=,UirpuUzFKkZN970JNKqlQaSuzDE=
-7,-16,ByoXBmYx00yFxd3g8p3noT6Z1rs=,UirpuUzFKkZN970JNKqlQaSuzDE=
-16,-13,ByoXBmYx00yFxd3g8p3noT6Z1rs=,b0epH71VBRF8jtoOz2l44M9pUqE=
-15,-3,ByoXBmYx00yFxd3g8p3noT6Z1rs=,rn66kFJ/L45q7B7KZeOEGZ7q0ek=
-4,-9,ByoXBmYx00yFxd3g8p3noT6Z1rs=,UirpuUzFKkZN970JNKqlQaSuzDE=
-10,-15,ByoXBmYx00yFxd3g8p3noT6Z1rs=,b0epH71VBRF8jtoOz2l44M9pUqE=
-10,-2,ByoXBmYx00yFxd3g8p3noT6Z1rs=,rn66kFJ/L45q7B7KZeOEGZ7q0ek=
-16,-14,ByoXBmYx00yFxd3g8p3noT6Z1rs=,b0epH71VBRF8jtoOz2l44M9pUqE=
-13,-4,ByoXBmYx00yFxd3g8p3noT6Z1rs=,rn66kFJ/L45q7B7KZeOEGZ7q0ek=
-5,-9,ByoXBmYx00yFxd3g8p3noT6Z1rs=,UirpuUzFKkZN970JNKqlQaSuzDE=
-8,-16,ByoXBmYx00yFxd3g8p3noT6Z1rs=,UirpuUzFKkZN970JNKqlQaSuzDE=
-11,-15,ByoXBmYx00yFxd3g8p3noT6Z1rs=,b0epH71VBRF8jtoOz2l44M9pUqE=
-11,-2,ByoXBmYx00yFxd3g8p3noT6Z1rs=,rn66kFJ/L45q7B7KZeOEGZ7q0ek=
-16,-15,ByoXBmYx00yFxd3g8p3noT6Z1rs=,b0epH71VBRF8jtoOz2l44M9pUqE=
-9,-8,ByoXBmYx00yFxd3g8p3noT6Z1rs=,rn66kFJ/L45q7B7KZeOEGZ7q0ek=
-1,-15,ByoXBmYx00yFxd3g8p3noT6Z1rs=,UirpuUzFKkZN970JNKqlQaSuzDE=
-6,-9,ByoXBmYx00yFxd3g8p3noT6Z1rs=,UirpuUzFKkZN970JNKqlQaSuzDE=
-12,-15,ByoXBmYx00yFxd3g8p3noT6Z1rs=,b0epH71VBRF8jtoOz2l44M9pUqE=
-13,-16,ByoXBmYx00yFxd3g8p3noT6Z1rs=,b0epH71VBRF8jtoOz2l44M9pUqE=
-12,-2,ByoXBmYx00yFxd3g8p3noT6Z1rs=,rn66kFJ/L45q7B7KZeOEGZ7q0ek=
-1,-13,ByoXBmYx00yFxd3g8p3noT6Z1rs=,UirpuUzFKkZN970JNKqlQaSuzDE=
-7,-9,ByoXBmYx00yFxd3g8p3noT6Z1rs=,UirpuUzFKkZN970JNKqlQaSuzDE=
-1,-14,ByoXBmYx00yFxd3g8p3noT6Z1rs=,UirpuUzFKkZN970JNKqlQaSuzDE=
-14,-16,ByoXBmYx00yFxd3g8p3noT6Z1rs=,b0epH71VBRF8jtoOz2l44M9pUqE=
-8,-9,ByoXBmYx00yFxd3g8p3noT6Z1rs=,UirpuUzFKkZN970JNKqlQaSuzDE=
-15,-16,ByoXBmYx00yFxd3g8p3noT6Z1rs=,b0epH71VBRF8jtoOz2l44M9pUqE=
-8,-10,ByoXBmYx00yFxd3g8p3noT6Z1rs=,UirpuUzFKkZN970JNKqlQaSuzDE=
-8,-14,ByoXBmYx00yFxd3g8p3noT6Z1rs=,UirpuUzFKkZN970JNKqlQaSuzDE=
-13,-13,ByoXBmYx00yFxd3g8p3noT6Z1rs=,b0epH71VBRF8jtoOz2l44M9pUqE=
-8,-11,ByoXBmYx00yFxd3g8p3noT6Z1rs=,UirpuUzFKkZN970JNKqlQaSuzDE=
-8,-12,ByoXBmYx00yFxd3g8p3noT6Z1rs=,UirpuUzFKkZN970JNKqlQaSuzDE=
-14,-13,ByoXBmYx00yFxd3g8p3noT6Z1rs=,b0epH71VBRF8jtoOz2l44M9pUqE=
-8,-15,ByoXBmYx00yFxd3g8p3noT6Z1rs=,UirpuUzFKkZN970JNKqlQaSuzDE=
-7,-10,ByoXBmYx00yFxd3g8p3noT6Z1rs=,UirpuUzFKkZN970JNKqlQaSuzDE=
-2,-11,ByoXBmYx00yFxd3g8p3noT6Z1rs=,UirpuUzFKkZN970JNKqlQaSuzDE=
-3,-11,ByoXBmYx00yFxd3g8p3noT6Z1rs=,UirpuUzFKkZN970JNKqlQaSuzDE=
-8,-13,ByoXBmYx00yFxd3g8p3noT6Z1rs=,UirpuUzFKkZN970JNKqlQaSuzDE=
-4,-11,ByoXBmYx00yFxd3g8p3noT6Z1rs=,UirpuUzFKkZN970JNKqlQaSuzDE=
-2,-14,ByoXBmYx00yFxd3g8p3noT6Z1rs=,UirpuUzFKkZN970JNKqlQaSuzDE=
-7,-13,ByoXBmYx00yFxd3g8p3noT6Z1rs=,UirpuUzFKkZN970JNKqlQaSuzDE=
-5,-13,ByoXBmYx00yFxd3g8p3noT6Z1rs=,UirpuUzFKkZN970JNKqlQaSuzDE=
-6,-13,ByoXBmYx00yFxd3g8p3noT6Z1rs=,UirpuUzFKkZN970JNKqlQaSuzDE=
-3,-14,ByoXBmYx00yFxd3g8p3noT6Z1rs=,UirpuUzFKkZN970JNKqlQaSuzDE=
-5,-11,ByoXBmYx00yFxd3g8p3noT6Z1rs=,UirpuUzFKkZN970JNKqlQaSuzDE=
-15,-13,ByoXBmYx00yFxd3g8p3noT6Z1rs=,b0epH71VBRF8jtoOz2l44M9pUqE=
-6,-11,ByoXBmYx00yFxd3g8p3noT6Z1rs=,UirpuUzFKkZN970JNKqlQaSuzDE=
-4,-14,ByoXBmYx00yFxd3g8p3noT6Z1rs=,UirpuUzFKkZN970JNKqlQaSuzDE=
-13,-14,ByoXBmYx00yFxd3g8p3noT6Z1rs=,b0epH71VBRF8jtoOz2l44M9pUqE=
-4,-13,ByoXBmYx00yFxd3g8p3noT6Z1rs=,UirpuUzFKkZN970JNKqlQaSuzDE=
-7,-11,ByoXBmYx00yFxd3g8p3noT6Z1rs=,UirpuUzFKkZN970JNKqlQaSuzDE=
-3,-13,ByoXBmYx00yFxd3g8p3noT6Z1rs=,UirpuUzFKkZN970JNKqlQaSuzDE=
-2,-12,ByoXBmYx00yFxd3g8p3noT6Z1rs=,UirpuUzFKkZN970JNKqlQaSuzDE=
-5,-14,ByoXBmYx00yFxd3g8p3noT6Z1rs=,UirpuUzFKkZN970JNKqlQaSuzDE=
-3,-12,ByoXBmYx00yFxd3g8p3noT6Z1rs=,UirpuUzFKkZN970JNKqlQaSuzDE=
-14,-14,ByoXBmYx00yFxd3g8p3noT6Z1rs=,b0epH71VBRF8jtoOz2l44M9pUqE=
-4,-12,ByoXBmYx00yFxd3g8p3noT6Z1rs=,UirpuUzFKkZN970JNKqlQaSuzDE=
-6,-14,ByoXBmYx00yFxd3g8p3noT6Z1rs=,UirpuUzFKkZN970JNKqlQaSuzDE=
-15,-14,ByoXBmYx00yFxd3g8p3noT6Z1rs=,b0epH71VBRF8jtoOz2l44M9pUqE=
-5,-12,ByoXBmYx00yFxd3g8p3noT6Z1rs=,UirpuUzFKkZN970JNKqlQaSuzDE=
-7,-14,ByoXBmYx00yFxd3g8p3noT6Z1rs=,UirpuUzFKkZN970JNKqlQaSuzDE=
-13,-15,ByoXBmYx00yFxd3g8p3noT6Z1rs=,b0epH71VBRF8jtoOz2l44M9pUqE=
-6,-12,ByoXBmYx00yFxd3g8p3noT6Z1rs=,UirpuUzFKkZN970JNKqlQaSuzDE=
-2,-15,ByoXBmYx00yFxd3g8p3noT6Z1rs=,UirpuUzFKkZN970JNKqlQaSuzDE=
-7,-12,UZd2oRO5apBh2gaU0AH/TVacnco=,UirpuUzFKkZN970JNKqlQaSuzDE=
-3,-15,UZd2oRO5apBh2gaU0AH/TVacnco=,UirpuUzFKkZN970JNKqlQaSuzDE=
-2,-10,UZd2oRO5apBh2gaU0AH/TVacnco=,UirpuUzFKkZN970JNKqlQaSuzDE=
-4,-15,UZd2oRO5apBh2gaU0AH/TVacnco=,UirpuUzFKkZN970JNKqlQaSuzDE=
-14,-15,UZd2oRO5apBh2gaU0AH/TVacnco=,b0epH71VBRF8jtoOz2l44M9pUqE=
-5,-15,UZd2oRO5apBh2gaU0AH/TVacnco=,UirpuUzFKkZN970JNKqlQaSuzDE=
-3,-10,UZd2oRO5apBh2gaU0AH/TVacnco=,UirpuUzFKkZN970JNKqlQaSuzDE=
-4,-10,UZd2oRO5apBh2gaU0AH/TVacnco=,UirpuUzFKkZN970JNKqlQaSuzDE=
-6,-15,UZd2oRO5apBh2gaU0AH/TVacnco=,UirpuUzFKkZN970JNKqlQaSuzDE=
-15,-15,UZd2oRO5apBh2gaU0AH/TVacnco=,b0epH71VBRF8jtoOz2l44M9pUqE=
-5,-10,UZd2oRO5apBh2gaU0AH/TVacnco=,UirpuUzFKkZN970JNKqlQaSuzDE=
-7,-15,UZd2oRO5apBh2gaU0AH/TVacnco=,UirpuUzFKkZN970JNKqlQaSuzDE=
-6,-10,UZd2oRO5apBh2gaU0AH/TVacnco=,UirpuUzFKkZN970JNKqlQaSuzDE=
-2,-13,UZd2oRO5apBh2gaU0AH/TVacnco=,UirpuUzFKkZN970JNKqlQaSuzDE=
-7,-3,UZd2oRO5apBh2gaU0AH/TVacnco=,DZkCwGn+k3W9f/G/JV1DQUKgeJw=
-7,-2,UZd2oRO5apBh2gaU0AH/TVacnco=,DZkCwGn+k3W9f/G/JV1DQUKgeJw=
-1,-1,UZd2oRO5apBh2gaU0AH/TVacnco=,DZkCwGn+k3W9f/G/JV1DQUKgeJw=
-2,-1,UZd2oRO5apBh2gaU0AH/TVacnco=,DZkCwGn+k3W9f/G/JV1DQUKgeJw=
-3,-1,UZd2oRO5apBh2gaU0AH/TVacnco=,DZkCwGn+k3W9f/G/JV1DQUKgeJw=
-4,-1,UZd2oRO5apBh2gaU0AH/TVacnco=,DZkCwGn+k3W9f/G/JV1DQUKgeJw=
-5,-1,UZd2oRO5apBh2gaU0AH/TVacnco=,DZkCwGn+k3W9f/G/JV1DQUKgeJw=
-6,-1,UZd2oRO5apBh2gaU0AH/TVacnco=,DZkCwGn+k3W9f/G/JV1DQUKgeJw=
-7,-1,UZd2oRO5apBh2gaU0AH/TVacnco=,DZkCwGn+k3W9f/G/JV1DQUKgeJw=
-7,-4,UZd2oRO5apBh2gaU0AH/TVacnco=,DZkCwGn+k3W9f/G/JV1DQUKgeJw=
-2,-7,UZd2oRO5apBh2gaU0AH/TVacnco=,DZkCwGn+k3W9f/G/JV1DQUKgeJw=
-9,-9,UZd2oRO5apBh2gaU0AH/TVacnco=,b0epH71VBRF8jtoOz2l44M9pUqE=
-7,-5,UZd2oRO5apBh2gaU0AH/TVacnco=,DZkCwGn+k3W9f/G/JV1DQUKgeJw=
-2,-6,UZd2oRO5apBh2gaU0AH/TVacnco=,DZkCwGn+k3W9f/G/JV1DQUKgeJw=
-8,-1,UZd2oRO5apBh2gaU0AH/TVacnco=,DZkCwGn+k3W9f/G/JV1DQUKgeJw=
-1,-8,UZd2oRO5apBh2gaU0AH/TVacnco=,DZkCwGn+k3W9f/G/JV1DQUKgeJw=
-7,-7,UZd2oRO5apBh2gaU0AH/TVacnco=,DZkCwGn+k3W9f/G/JV1DQUKgeJw=
-1,-7,UZd2oRO5apBh2gaU0AH/TVacnco=,DZkCwGn+k3W9f/G/JV1DQUKgeJw=
-1,-6,UZd2oRO5apBh2gaU0AH/TVacnco=,DZkCwGn+k3W9f/G/JV1DQUKgeJw=
-8,-2,UZd2oRO5apBh2gaU0AH/TVacnco=,DZkCwGn+k3W9f/G/JV1DQUKgeJw=
-1,-4,UZd2oRO5apBh2gaU0AH/TVacnco=,DZkCwGn+k3W9f/G/JV1DQUKgeJw=
-8,-3,UZd2oRO5apBh2gaU0AH/TVacnco=,DZkCwGn+k3W9f/G/JV1DQUKgeJw=
-1,-3,UZd2oRO5apBh2gaU0AH/TVacnco=,DZkCwGn+k3W9f/G/JV1DQUKgeJw=
-8,-7,UZd2oRO5apBh2gaU0AH/TVacnco=,DZkCwGn+k3W9f/G/JV1DQUKgeJw=
-1,-5,UZd2oRO5apBh2gaU0AH/TVacnco=,DZkCwGn+k3W9f/G/JV1DQUKgeJw=
-9,-4,UZd2oRO5apBh2gaU0AH/TVacnco=,rn66kFJ/L45q7B7KZeOEGZ7q0ek=
-1,-2,UZd2oRO5apBh2gaU0AH/TVacnco=,DZkCwGn+k3W9f/G/JV1DQUKgeJw=
-8,-5,UZd2oRO5apBh2gaU0AH/TVacnco=,DZkCwGn+k3W9f/G/JV1DQUKgeJw=
-6,-8,UZd2oRO5apBh2gaU0AH/TVacnco=,DZkCwGn+k3W9f/G/JV1DQUKgeJw=
-3,-8,UZd2oRO5apBh2gaU0AH/TVacnco=,DZkCwGn+k3W9f/G/JV1DQUKgeJw=
-3,-3,UZd2oRO5apBh2gaU0AH/TVacnco=,DZkCwGn+k3W9f/G/JV1DQUKgeJw=
-4,-4,UZd2oRO5apBh2gaU0AH/TVacnco=,DZkCwGn+k3W9f/G/JV1DQUKgeJw=
-4,-6,jtT3uXCa1wxeBVOOy2tM4xlRoQI=,DZkCwGn+k3W9f/G/JV1DQUKgeJw=
-5,-4,jtT3uXCa1wxeBVOOy2tM4xlRoQI=,DZkCwGn+k3W9f/G/JV1DQUKgeJw=
-2,-5,jtT3uXCa1wxeBVOOy2tM4xlRoQI=,DZkCwGn+k3W9f/G/JV1DQUKgeJw=
-3,-5,jtT3uXCa1wxeBVOOy2tM4xlRoQI=,DZkCwGn+k3W9f/G/JV1DQUKgeJw=
-4,-5,jtT3uXCa1wxeBVOOy2tM4xlRoQI=,DZkCwGn+k3W9f/G/JV1DQUKgeJw=
-3,-6,jtT3uXCa1wxeBVOOy2tM4xlRoQI=,DZkCwGn+k3W9f/G/JV1DQUKgeJw=
-5,-6,jtT3uXCa1wxeBVOOy2tM4xlRoQI=,DZkCwGn+k3W9f/G/JV1DQUKgeJw=
-3,-7,jtT3uXCa1wxeBVOOy2tM4xlRoQI=,DZkCwGn+k3W9f/G/JV1DQUKgeJw=
-2,-4,jtT3uXCa1wxeBVOOy2tM4xlRoQI=,DZkCwGn+k3W9f/G/JV1DQUKgeJw=
-4,-3,jtT3uXCa1wxeBVOOy2tM4xlRoQI=,DZkCwGn+k3W9f/G/JV1DQUKgeJw=
-5,-5,jtT3uXCa1wxeBVOOy2tM4xlRoQI=,DZkCwGn+k3W9f/G/JV1DQUKgeJw=
-8,-4,jtT3uXCa1wxeBVOOy2tM4xlRoQI=,DZkCwGn+k3W9f/G/JV1DQUKgeJw=
-9,-5,jtT3uXCa1wxeBVOOy2tM4xlRoQI=,rn66kFJ/L45q7B7KZeOEGZ7q0ek=
-2,-8,jtT3uXCa1wxeBVOOy2tM4xlRoQI=,DZkCwGn+k3W9f/G/JV1DQUKgeJw=
-6,-6,jtT3uXCa1wxeBVOOy2tM4xlRoQI=,DZkCwGn+k3W9f/G/JV1DQUKgeJw=
-6,-5,jtT3uXCa1wxeBVOOy2tM4xlRoQI=,DZkCwGn+k3W9f/G/JV1DQUKgeJw=
-7,-8,jtT3uXCa1wxeBVOOy2tM4xlRoQI=,DZkCwGn+k3W9f/G/JV1DQUKgeJw=
-8,-8,jtT3uXCa1wxeBVOOy2tM4xlRoQI=,DZkCwGn+k3W9f/G/JV1DQUKgeJw=
-5,-3,jtT3uXCa1wxeBVOOy2tM4xlRoQI=,DZkCwGn+k3W9f/G/JV1DQUKgeJw=
-4,-7,jtT3uXCa1wxeBVOOy2tM4xlRoQI=,DZkCwGn+k3W9f/G/JV1DQUKgeJw=
-6,-3,jtT3uXCa1wxeBVOOy2tM4xlRoQI=,DZkCwGn+k3W9f/G/JV1DQUKgeJw=
-7,-6,jtT3uXCa1wxeBVOOy2tM4xlRoQI=,DZkCwGn+k3W9f/G/JV1DQUKgeJw=
-2,-2,jtT3uXCa1wxeBVOOy2tM4xlRoQI=,DZkCwGn+k3W9f/G/JV1DQUKgeJw=
-3,-2,jtT3uXCa1wxeBVOOy2tM4xlRoQI=,DZkCwGn+k3W9f/G/JV1DQUKgeJw=
-4,-8,jtT3uXCa1wxeBVOOy2tM4xlRoQI=,DZkCwGn+k3W9f/G/JV1DQUKgeJw=
-3,-4,jtT3uXCa1wxeBVOOy2tM4xlRoQI=,DZkCwGn+k3W9f/G/JV1DQUKgeJw=
-8,-6,jtT3uXCa1wxeBVOOy2tM4xlRoQI=,DZkCwGn+k3W9f/G/JV1DQUKgeJw=
-4,-2,jtT3uXCa1wxeBVOOy2tM4xlRoQI=,DZkCwGn+k3W9f/G/JV1DQUKgeJw=
-5,-8,jtT3uXCa1wxeBVOOy2tM4xlRoQI=,DZkCwGn+k3W9f/G/JV1DQUKgeJw=
-2,-3,jtT3uXCa1wxeBVOOy2tM4xlRoQI=,DZkCwGn+k3W9f/G/JV1DQUKgeJw=
-5,-2,jtT3uXCa1wxeBVOOy2tM4xlRoQI=,DZkCwGn+k3W9f/G/JV1DQUKgeJw=
-6,-4,jtT3uXCa1wxeBVOOy2tM4xlRoQI=,DZkCwGn+k3W9f/G/JV1DQUKgeJw=
-6,-2,jtT3uXCa1wxeBVOOy2tM4xlRoQI=,DZkCwGn+k3W9f/G/JV1DQUKgeJw=
-9,-6,jtT3uXCa1wxeBVOOy2tM4xlRoQI=,rn66kFJ/L45q7B7KZeOEGZ7q0ek=
-5,-7,jtT3uXCa1wxeBVOOy2tM4xlRoQI=,DZkCwGn+k3W9f/G/JV1DQUKgeJw=
-6,-7,jtT3uXCa1wxeBVOOy2tM4xlRoQI=,DZkCwGn+k3W9f/G/JV1DQUKgeJw=
-9,-26,rkzwbaTjDIWM5zIMEnAVdajevL0=,E9RkFilobQFvm8uozW/nQWZp2Ys=
-9,-27,rkzwbaTjDIWM5zIMEnAVdajevL0=,E9RkFilobQFvm8uozW/nQWZp2Ys=
-9,-28,rkzwbaTjDIWM5zIMEnAVdajevL0=,E9RkFilobQFvm8uozW/nQWZp2Ys=
-8,-32,FxHhweYQM09j8rk9yrFfVotPk/U=,GQY0eQC/xjUCCN4Lyb9hmSDXZ/Y=
-9,-25,FxHhweYQM09j8rk9yrFfVotPk/U=,E9RkFilobQFvm8uozW/nQWZp2Ys=
-5,-32,FxHhweYQM09j8rk9yrFfVotPk/U=,GQY0eQC/xjUCCN4Lyb9hmSDXZ/Y=
-16,-32,FxHhweYQM09j8rk9yrFfVotPk/U=,E9RkFilobQFvm8uozW/nQWZp2Ys=
-6,-32,FxHhweYQM09j8rk9yrFfVotPk/U=,GQY0eQC/xjUCCN4Lyb9hmSDXZ/Y=
-12,-32,FxHhweYQM09j8rk9yrFfVotPk/U=,E9RkFilobQFvm8uozW/nQWZp2Ys=
-9,-32,FxHhweYQM09j8rk9yrFfVotPk/U=,E9RkFilobQFvm8uozW/nQWZp2Ys=
-12,-30,FxHhweYQM09j8rk9yrFfVotPk/U=,E9RkFilobQFvm8uozW/nQWZp2Ys=
-12,-31,FxHhweYQM09j8rk9yrFfVotPk/U=,E9RkFilobQFvm8uozW/nQWZp2Ys=
-9,-29,FxHhweYQM09j8rk9yrFfVotPk/U=,E9RkFilobQFvm8uozW/nQWZp2Ys=
-10,-31,FxHhweYQM09j8rk9yrFfVotPk/U=,E9RkFilobQFvm8uozW/nQWZp2Ys=
-8,-31,FxHhweYQM09j8rk9yrFfVotPk/U=,GQY0eQC/xjUCCN4Lyb9hmSDXZ/Y=
-11,-31,FxHhweYQM09j8rk9yrFfVotPk/U=,E9RkFilobQFvm8uozW/nQWZp2Ys=
-11,-32,FxHhweYQM09j8rk9yrFfVotPk/U=,E9RkFilobQFvm8uozW/nQWZp2Ys=
-10,-32,FxHhweYQM09j8rk9yrFfVotPk/U=,E9RkFilobQFvm8uozW/nQWZp2Ys=
-10,-25,FxHhweYQM09j8rk9yrFfVotPk/U=,E9RkFilobQFvm8uozW/nQWZp2Ys=
-7,-32,FxHhweYQM09j8rk9yrFfVotPk/U=,GQY0eQC/xjUCCN4Lyb9hmSDXZ/Y=
-16,-25,FxHhweYQM09j8rk9yrFfVotPk/U=,E9RkFilobQFvm8uozW/nQWZp2Ys=
-10,-29,FxHhweYQM09j8rk9yrFfVotPk/U=,E9RkFilobQFvm8uozW/nQWZp2Ys=
-11,-29,FxHhweYQM09j8rk9yrFfVotPk/U=,E9RkFilobQFvm8uozW/nQWZp2Ys=
-11,-30,FxHhweYQM09j8rk9yrFfVotPk/U=,E9RkFilobQFvm8uozW/nQWZp2Ys=
-9,-30,FxHhweYQM09j8rk9yrFfVotPk/U=,E9RkFilobQFvm8uozW/nQWZp2Ys=
-10,-30,FxHhweYQM09j8rk9yrFfVotPk/U=,E9RkFilobQFvm8uozW/nQWZp2Ys=
-12,-29,FxHhweYQM09j8rk9yrFfVotPk/U=,E9RkFilobQFvm8uozW/nQWZp2Ys=
-16,-26,FxHhweYQM09j8rk9yrFfVotPk/U=,E9RkFilobQFvm8uozW/nQWZp2Ys=
-15,-32,FxHhweYQM09j8rk9yrFfVotPk/U=,E9RkFilobQFvm8uozW/nQWZp2Ys=
-9,-31,FxHhweYQM09j8rk9yrFfVotPk/U=,E9RkFilobQFvm8uozW/nQWZp2Ys=
-5,-29,FxHhweYQM09j8rk9yrFfVotPk/U=,GQY0eQC/xjUCCN4Lyb9hmSDXZ/Y=
-16,-27,FxHhweYQM09j8rk9yrFfVotPk/U=,E9RkFilobQFvm8uozW/nQWZp2Ys=
-11,-25,FxHhweYQM09j8rk9yrFfVotPk/U=,E9RkFilobQFvm8uozW/nQWZp2Ys=
-14,-32,FxHhweYQM09j8rk9yrFfVotPk/U=,E9RkFilobQFvm8uozW/nQWZp2Ys=
-6,-29,FxHhweYQM09j8rk9yrFfVotPk/U=,GQY0eQC/xjUCCN4Lyb9hmSDXZ/Y=
-16,-28,FxHhweYQM09j8rk9yrFfVotPk/U=,E9RkFilobQFvm8uozW/nQWZp2Ys=
-15,-28,FxHhweYQM09j8rk9yrFfVotPk/U=,E9RkFilobQFvm8uozW/nQWZp2Ys=
-14,-28,FxHhweYQM09j8rk9yrFfVotPk/U=,E9RkFilobQFvm8uozW/nQWZp2Ys=
-7,-31,FxHhweYQM09j8rk9yrFfVotPk/U=,GQY0eQC/xjUCCN4Lyb9hmSDXZ/Y=
-16,-21,FxHhweYQM09j8rk9yrFfVotPk/U=,rF3CfgsmLHMqUrktQ89N3pm3ChY=
-13,-28,FxHhweYQM09j8rk9yrFfVotPk/U=,E9RkFilobQFvm8uozW/nQWZp2Ys=
-2,-32,FxHhweYQM09j8rk9yrFfVotPk/U=,GQY0eQC/xjUCCN4Lyb9hmSDXZ/Y=
-16,-17,FxHhweYQM09j8rk9yrFfVotPk/U=,rF3CfgsmLHMqUrktQ89N3pm3ChY=
-7,-29,FxHhweYQM09j8rk9yrFfVotPk/U=,GQY0eQC/xjUCCN4Lyb9hmSDXZ/Y=
-15,-27,FxHhweYQM09j8rk9yrFfVotPk/U=,E9RkFilobQFvm8uozW/nQWZp2Ys=
-13,-32,FxHhweYQM09j8rk9yrFfVotPk/U=,E9RkFilobQFvm8uozW/nQWZp2Ys=
-6,-31,FxHhweYQM09j8rk9yrFfVotPk/U=,GQY0eQC/xjUCCN4Lyb9hmSDXZ/Y=
-5,-31,FxHhweYQM09j8rk9yrFfVotPk/U=,GQY0eQC/xjUCCN4Lyb9hmSDXZ/Y=
-14,-27,FxHhweYQM09j8rk9yrFfVotPk/U=,E9RkFilobQFvm8uozW/nQWZp2Ys=
-13,-27,FxHhweYQM09j8rk9yrFfVotPk/U=,E9RkFilobQFvm8uozW/nQWZp2Ys=
-16,-18,FxHhweYQM09j8rk9yrFfVotPk/U=,rF3CfgsmLHMqUrktQ89N3pm3ChY=
-12,-25,FxHhweYQM09j8rk9yrFfVotPk/U=,E9RkFilobQFvm8uozW/nQWZp2Ys=
-16,-31,FxHhweYQM09j8rk9yrFfVotPk/U=,E9RkFilobQFvm8uozW/nQWZp2Ys=
-15,-26,FxHhweYQM09j8rk9yrFfVotPk/U=,E9RkFilobQFvm8uozW/nQWZp2Ys=
-8,-29,FxHhweYQM09j8rk9yrFfVotPk/U=,GQY0eQC/xjUCCN4Lyb9hmSDXZ/Y=
-8,-30,FxHhweYQM09j8rk9yrFfVotPk/U=,GQY0eQC/xjUCCN4Lyb9hmSDXZ/Y=
-3,-32,FxHhweYQM09j8rk9yrFfVotPk/U=,GQY0eQC/xjUCCN4Lyb9hmSDXZ/Y=
-16,-19,FxHhweYQM09j8rk9yrFfVotPk/U=,rF3CfgsmLHMqUrktQ89N3pm3ChY=
-14,-26,FxHhweYQM09j8rk9yrFfVotPk/U=,E9RkFilobQFvm8uozW/nQWZp2Ys=
-13,-26,FxHhweYQM09j8rk9yrFfVotPk/U=,E9RkFilobQFvm8uozW/nQWZp2Ys=
-15,-25,FxHhweYQM09j8rk9yrFfVotPk/U=,E9RkFilobQFvm8uozW/nQWZp2Ys=
-13,-25,FxHhweYQM09j8rk9yrFfVotPk/U=,E9RkFilobQFvm8uozW/nQWZp2Ys=
-16,-22,FxHhweYQM09j8rk9yrFfVotPk/U=,rF3CfgsmLHMqUrktQ89N3pm3ChY=
-14,-24,FxHhweYQM09j8rk9yrFfVotPk/U=,rF3CfgsmLHMqUrktQ89N3pm3ChY=
-16,-29,FxHhweYQM09j8rk9yrFfVotPk/U=,E9RkFilobQFvm8uozW/nQWZp2Ys=
-16,-20,FxHhweYQM09j8rk9yrFfVotPk/U=,rF3CfgsmLHMqUrktQ89N3pm3ChY=
-10,-26,FxHhweYQM09j8rk9yrFfVotPk/U=,E9RkFilobQFvm8uozW/nQWZp2Ys=
-14,-25,FxHhweYQM09j8rk9yrFfVotPk/U=,E9RkFilobQFvm8uozW/nQWZp2Ys=
-4,-32,FxHhweYQM09j8rk9yrFfVotPk/U=,GQY0eQC/xjUCCN4Lyb9hmSDXZ/Y=
-5,-30,FxHhweYQM09j8rk9yrFfVotPk/U=,GQY0eQC/xjUCCN4Lyb9hmSDXZ/Y=
-15,-30,FxHhweYQM09j8rk9yrFfVotPk/U=,E9RkFilobQFvm8uozW/nQWZp2Ys=
-13,-30,FxHhweYQM09j8rk9yrFfVotPk/U=,E9RkFilobQFvm8uozW/nQWZp2Ys=
-14,-30,FxHhweYQM09j8rk9yrFfVotPk/U=,E9RkFilobQFvm8uozW/nQWZp2Ys=
-13,-18,FxHhweYQM09j8rk9yrFfVotPk/U=,rF3CfgsmLHMqUrktQ89N3pm3ChY=
-16,-24,FxHhweYQM09j8rk9yrFfVotPk/U=,rF3CfgsmLHMqUrktQ89N3pm3ChY=
-1,-32,FxHhweYQM09j8rk9yrFfVotPk/U=,GQY0eQC/xjUCCN4Lyb9hmSDXZ/Y=
-16,-23,FxHhweYQM09j8rk9yrFfVotPk/U=,rF3CfgsmLHMqUrktQ89N3pm3ChY=
-14,-18,FxHhweYQM09j8rk9yrFfVotPk/U=,rF3CfgsmLHMqUrktQ89N3pm3ChY=
-13,-21,FxHhweYQM09j8rk9yrFfVotPk/U=,rF3CfgsmLHMqUrktQ89N3pm3ChY=
-6,-30,FxHhweYQM09j8rk9yrFfVotPk/U=,GQY0eQC/xjUCCN4Lyb9hmSDXZ/Y=
-11,-26,FxHhweYQM09j8rk9yrFfVotPk/U=,E9RkFilobQFvm8uozW/nQWZp2Ys=
-15,-21,FxHhweYQM09j8rk9yrFfVotPk/U=,rF3CfgsmLHMqUrktQ89N3pm3ChY=
-15,-18,FxHhweYQM09j8rk9yrFfVotPk/U=,rF3CfgsmLHMqUrktQ89N3pm3ChY=
-13,-22,FxHhweYQM09j8rk9yrFfVotPk/U=,rF3CfgsmLHMqUrktQ89N3pm3ChY=
-15,-17,FxHhweYQM09j8rk9yrFfVotPk/U=,rF3CfgsmLHMqUrktQ89N3pm3ChY=
-15,-24,FxHhweYQM09j8rk9yrFfVotPk/U=,rF3CfgsmLHMqUrktQ89N3pm3ChY=
-16,-30,FxHhweYQM09j8rk9yrFfVotPk/U=,E9RkFilobQFvm8uozW/nQWZp2Ys=
-1,-29,FxHhweYQM09j8rk9yrFfVotPk/U=,GQY0eQC/xjUCCN4Lyb9hmSDXZ/Y=
-7,-30,FxHhweYQM09j8rk9yrFfVotPk/U=,GQY0eQC/xjUCCN4Lyb9hmSDXZ/Y=
-14,-22,FxHhweYQM09j8rk9yrFfVotPk/U=,rF3CfgsmLHMqUrktQ89N3pm3ChY=
-14,-21,FxHhweYQM09j8rk9yrFfVotPk/U=,rF3CfgsmLHMqUrktQ89N3pm3ChY=
-14,-23,FxHhweYQM09j8rk9yrFfVotPk/U=,rF3CfgsmLHMqUrktQ89N3pm3ChY=
-14,-17,FxHhweYQM09j8rk9yrFfVotPk/U=,rF3CfgsmLHMqUrktQ89N3pm3ChY=
-13,-19,FxHhweYQM09j8rk9yrFfVotPk/U=,rF3CfgsmLHMqUrktQ89N3pm3ChY=
-15,-23,FxHhweYQM09j8rk9yrFfVotPk/U=,rF3CfgsmLHMqUrktQ89N3pm3ChY=
-13,-31,rZ2E/AIbeSOz8s60hHAutXWWKFs=,E9RkFilobQFvm8uozW/nQWZp2Ys=
-15,-29,rZ2E/AIbeSOz8s60hHAutXWWKFs=,E9RkFilobQFvm8uozW/nQWZp2Ys=
-13,-29,rZ2E/AIbeSOz8s60hHAutXWWKFs=,E9RkFilobQFvm8uozW/nQWZp2Ys=
-13,-17,rZ2E/AIbeSOz8s60hHAutXWWKFs=,rF3CfgsmLHMqUrktQ89N3pm3ChY=
-13,-23,rZ2E/AIbeSOz8s60hHAutXWWKFs=,rF3CfgsmLHMqUrktQ89N3pm3ChY=
-13,-24,rZ2E/AIbeSOz8s60hHAutXWWKFs=,rF3CfgsmLHMqUrktQ89N3pm3ChY=
-15,-22,rZ2E/AIbeSOz8s60hHAutXWWKFs=,rF3CfgsmLHMqUrktQ89N3pm3ChY=
-14,-29,rZ2E/AIbeSOz8s60hHAutXWWKFs=,E9RkFilobQFvm8uozW/nQWZp2Ys=
-14,-20,rZ2E/AIbeSOz8s60hHAutXWWKFs=,rF3CfgsmLHMqUrktQ89N3pm3ChY=
-12,-26,rZ2E/AIbeSOz8s60hHAutXWWKFs=,E9RkFilobQFvm8uozW/nQWZp2Ys=
-14,-19,rZ2E/AIbeSOz8s60hHAutXWWKFs=,rF3CfgsmLHMqUrktQ89N3pm3ChY=
-15,-31,rZ2E/AIbeSOz8s60hHAutXWWKFs=,E9RkFilobQFvm8uozW/nQWZp2Ys=
-1,-30,rZ2E/AIbeSOz8s60hHAutXWWKFs=,GQY0eQC/xjUCCN4Lyb9hmSDXZ/Y=
-15,-19,rZ2E/AIbeSOz8s60hHAutXWWKFs=,rF3CfgsmLHMqUrktQ89N3pm3ChY=
-3,-29,rZ2E/AIbeSOz8s60hHAutXWWKFs=,GQY0eQC/xjUCCN4Lyb9hmSDXZ/Y=
-3,-30,rZ2E/AIbeSOz8s60hHAutXWWKFs=,GQY0eQC/xjUCCN4Lyb9hmSDXZ/Y=
-8,-25,rZ2E/AIbeSOz8s60hHAutXWWKFs=,GQY0eQC/xjUCCN4Lyb9hmSDXZ/Y=
-4,-30,rZ2E/AIbeSOz8s60hHAutXWWKFs=,GQY0eQC/xjUCCN4Lyb9hmSDXZ/Y=
-2,-30,rZ2E/AIbeSOz8s60hHAutXWWKFs=,GQY0eQC/xjUCCN4Lyb9hmSDXZ/Y=
-13,-20,rZ2E/AIbeSOz8s60hHAutXWWKFs=,rF3CfgsmLHMqUrktQ89N3pm3ChY=
-4,-29,rZ2E/AIbeSOz8s60hHAutXWWKFs=,GQY0eQC/xjUCCN4Lyb9hmSDXZ/Y=
-7,-25,rZ2E/AIbeSOz8s60hHAutXWWKFs=,GQY0eQC/xjUCCN4Lyb9hmSDXZ/Y=
-3,-31,rZ2E/AIbeSOz8s60hHAutXWWKFs=,GQY0eQC/xjUCCN4Lyb9hmSDXZ/Y=
-10,-27,rZ2E/AIbeSOz8s60hHAutXWWKFs=,E9RkFilobQFvm8uozW/nQWZp2Ys=
-8,-28,rZ2E/AIbeSOz8s60hHAutXWWKFs=,GQY0eQC/xjUCCN4Lyb9hmSDXZ/Y=
-2,-31,rZ2E/AIbeSOz8s60hHAutXWWKFs=,GQY0eQC/xjUCCN4Lyb9hmSDXZ/Y=
-2,-29,rZ2E/AIbeSOz8s60hHAutXWWKFs=,GQY0eQC/xjUCCN4Lyb9hmSDXZ/Y=
-1,-31,rZ2E/AIbeSOz8s60hHAutXWWKFs=,GQY0eQC/xjUCCN4Lyb9hmSDXZ/Y=
-4,-31,rZ2E/AIbeSOz8s60hHAutXWWKFs=,GQY0eQC/xjUCCN4Lyb9hmSDXZ/Y=
-4,-25,rZ2E/AIbeSOz8s60hHAutXWWKFs=,GQY0eQC/xjUCCN4Lyb9hmSDXZ/Y=
-6,-25,rZ2E/AIbeSOz8s60hHAutXWWKFs=,GQY0eQC/xjUCCN4Lyb9hmSDXZ/Y=
-3,-25,rZ2E/AIbeSOz8s60hHAutXWWKFs=,GQY0eQC/xjUCCN4Lyb9hmSDXZ/Y=
-5,-25,rZ2E/AIbeSOz8s60hHAutXWWKFs=,GQY0eQC/xjUCCN4Lyb9hmSDXZ/Y=
-1,-26,rZ2E/AIbeSOz8s60hHAutXWWKFs=,GQY0eQC/xjUCCN4Lyb9hmSDXZ/Y=
-2,-25,rZ2E/AIbeSOz8s60hHAutXWWKFs=,GQY0eQC/xjUCCN4Lyb9hmSDXZ/Y=
-1,-27,rZ2E/AIbeSOz8s60hHAutXWWKFs=,GQY0eQC/xjUCCN4Lyb9hmSDXZ/Y=
-1,-25,rZ2E/AIbeSOz8s60hHAutXWWKFs=,GQY0eQC/xjUCCN4Lyb9hmSDXZ/Y=
-11,-27,rZ2E/AIbeSOz8s60hHAutXWWKFs=,E9RkFilobQFvm8uozW/nQWZp2Ys=
-4,-26,rZ2E/AIbeSOz8s60hHAutXWWKFs=,GQY0eQC/xjUCCN4Lyb9hmSDXZ/Y=
-3,-26,rZ2E/AIbeSOz8s60hHAutXWWKFs=,GQY0eQC/xjUCCN4Lyb9hmSDXZ/Y=
-2,-26,rZ2E/AIbeSOz8s60hHAutXWWKFs=,GQY0eQC/xjUCCN4Lyb9hmSDXZ/Y=
-1,-28,rZ2E/AIbeSOz8s60hHAutXWWKFs=,GQY0eQC/xjUCCN4Lyb9hmSDXZ/Y=
-8,-26,rZ2E/AIbeSOz8s60hHAutXWWKFs=,GQY0eQC/xjUCCN4Lyb9hmSDXZ/Y=
-2,-27,rZ2E/AIbeSOz8s60hHAutXWWKFs=,GQY0eQC/xjUCCN4Lyb9hmSDXZ/Y=
-7,-26,rZ2E/AIbeSOz8s60hHAutXWWKFs=,GQY0eQC/xjUCCN4Lyb9hmSDXZ/Y=
-15,-20,rZ2E/AIbeSOz8s60hHAutXWWKFs=,rF3CfgsmLHMqUrktQ89N3pm3ChY=
-14,-31,rZ2E/AIbeSOz8s60hHAutXWWKFs=,E9RkFilobQFvm8uozW/nQWZp2Ys=
-4,-27,rZ2E/AIbeSOz8s60hHAutXWWKFs=,GQY0eQC/xjUCCN4Lyb9hmSDXZ/Y=
-3,-27,rZ2E/AIbeSOz8s60hHAutXWWKFs=,GQY0eQC/xjUCCN4Lyb9hmSDXZ/Y=
-5,-26,rZ2E/AIbeSOz8s60hHAutXWWKFs=,GQY0eQC/xjUCCN4Lyb9hmSDXZ/Y=
-6,-26,rZ2E/AIbeSOz8s60hHAutXWWKFs=,GQY0eQC/xjUCCN4Lyb9hmSDXZ/Y=
-12,-27,rZ2E/AIbeSOz8s60hHAutXWWKFs=,E9RkFilobQFvm8uozW/nQWZp2Ys=
-7,-28,rZ2E/AIbeSOz8s60hHAutXWWKFs=,GQY0eQC/xjUCCN4Lyb9hmSDXZ/Y=
-3,-28,rZ2E/AIbeSOz8s60hHAutXWWKFs=,GQY0eQC/xjUCCN4Lyb9hmSDXZ/Y=
-6,-28,rZ2E/AIbeSOz8s60hHAutXWWKFs=,GQY0eQC/xjUCCN4Lyb9hmSDXZ/Y=
-5,-27,rZ2E/AIbeSOz8s60hHAutXWWKFs=,GQY0eQC/xjUCCN4Lyb9hmSDXZ/Y=
-8,-27,rZ2E/AIbeSOz8s60hHAutXWWKFs=,GQY0eQC/xjUCCN4Lyb9hmSDXZ/Y=
-5,-28,rZ2E/AIbeSOz8s60hHAutXWWKFs=,GQY0eQC/xjUCCN4Lyb9hmSDXZ/Y=
-4,-28,rZ2E/AIbeSOz8s60hHAutXWWKFs=,GQY0eQC/xjUCCN4Lyb9hmSDXZ/Y=
-6,-27,rZ2E/AIbeSOz8s60hHAutXWWKFs=,GQY0eQC/xjUCCN4Lyb9hmSDXZ/Y=
-8,-19,rZ2E/AIbeSOz8s60hHAutXWWKFs=,1zrBb8omlts69ioX0N6mO5TCl98=
-12,-28,rZ2E/AIbeSOz8s60hHAutXWWKFs=,E9RkFilobQFvm8uozW/nQWZp2Ys=
-2,-28,rZ2E/AIbeSOz8s60hHAutXWWKFs=,GQY0eQC/xjUCCN4Lyb9hmSDXZ/Y=
-7,-27,rZ2E/AIbeSOz8s60hHAutXWWKFs=,GQY0eQC/xjUCCN4Lyb9hmSDXZ/Y=
-11,-18,rZ2E/AIbeSOz8s60hHAutXWWKFs=,rF3CfgsmLHMqUrktQ89N3pm3ChY=
-12,-18,rZ2E/AIbeSOz8s60hHAutXWWKFs=,rF3CfgsmLHMqUrktQ89N3pm3ChY=
-10,-17,rZ2E/AIbeSOz8s60hHAutXWWKFs=,rF3CfgsmLHMqUrktQ89N3pm3ChY=
-8,-18,rZ2E/AIbeSOz8s60hHAutXWWKFs=,1zrBb8omlts69ioX0N6mO5TCl98=
-12,-24,rZ2E/AIbeSOz8s60hHAutXWWKFs=,rF3CfgsmLHMqUrktQ89N3pm3ChY=
-11,-28,rZ2E/AIbeSOz8s60hHAutXWWKFs=,E9RkFilobQFvm8uozW/nQWZp2Ys=
-10,-28,rZ2E/AIbeSOz8s60hHAutXWWKFs=,E9RkFilobQFvm8uozW/nQWZp2Ys=
-10,-24,rZ2E/AIbeSOz8s60hHAutXWWKFs=,rF3CfgsmLHMqUrktQ89N3pm3ChY=
-11,-17,rZ2E/AIbeSOz8s60hHAutXWWKFs=,rF3CfgsmLHMqUrktQ89N3pm3ChY=
-10,-18,rZ2E/AIbeSOz8s60hHAutXWWKFs=,rF3CfgsmLHMqUrktQ89N3pm3ChY=
-12,-17,rZ2E/AIbeSOz8s60hHAutXWWKFs=,rF3CfgsmLHMqUrktQ89N3pm3ChY=
-10,-23,rZ2E/AIbeSOz8s60hHAutXWWKFs=,rF3CfgsmLHMqUrktQ89N3pm3ChY=
-11,-21,rZ2E/AIbeSOz8s60hHAutXWWKFs=,rF3CfgsmLHMqUrktQ89N3pm3ChY=
-11,-23,rZ2E/AIbeSOz8s60hHAutXWWKFs=,rF3CfgsmLHMqUrktQ89N3pm3ChY=
-10,-22,rZ2E/AIbeSOz8s60hHAutXWWKFs=,rF3CfgsmLHMqUrktQ89N3pm3ChY=
-8,-21,rZ2E/AIbeSOz8s60hHAutXWWKFs=,1zrBb8omlts69ioX0N6mO5TCl98=
-12,-22,rZ2E/AIbeSOz8s60hHAutXWWKFs=,rF3CfgsmLHMqUrktQ89N3pm3ChY=
-11,-24,rZ2E/AIbeSOz8s60hHAutXWWKFs=,rF3CfgsmLHMqUrktQ89N3pm3ChY=
-10,-21,rZ2E/AIbeSOz8s60hHAutXWWKFs=,rF3CfgsmLHMqUrktQ89N3pm3ChY=
-10,-20,rZ2E/AIbeSOz8s60hHAutXWWKFs=,rF3CfgsmLHMqUrktQ89N3pm3ChY=
-12,-19,rZ2E/AIbeSOz8s60hHAutXWWKFs=,rF3CfgsmLHMqUrktQ89N3pm3ChY=
-11,-20,rZ2E/AIbeSOz8s60hHAutXWWKFs=,rF3CfgsmLHMqUrktQ89N3pm3ChY=
-10,-19,rZ2E/AIbeSOz8s60hHAutXWWKFs=,rF3CfgsmLHMqUrktQ89N3pm3ChY=
-12,-20,rZ2E/AIbeSOz8s60hHAutXWWKFs=,rF3CfgsmLHMqUrktQ89N3pm3ChY=
-12,-21,rZ2E/AIbeSOz8s60hHAutXWWKFs=,rF3CfgsmLHMqUrktQ89N3pm3ChY=
-11,-19,rZ2E/AIbeSOz8s60hHAutXWWKFs=,rF3CfgsmLHMqUrktQ89N3pm3ChY=
-11,-22,rZ2E/AIbeSOz8s60hHAutXWWKFs=,rF3CfgsmLHMqUrktQ89N3pm3ChY=
-3,-23,rZ2E/AIbeSOz8s60hHAutXWWKFs=,1zrBb8omlts69ioX0N6mO5TCl98=
-2,-23,rZ2E/AIbeSOz8s60hHAutXWWKFs=,1zrBb8omlts69ioX0N6mO5TCl98=
-7,-20,rZ2E/AIbeSOz8s60hHAutXWWKFs=,1zrBb8omlts69ioX0N6mO5TCl98=
-7,-18,rZ2E/AIbeSOz8s60hHAutXWWKFs=,1zrBb8omlts69ioX0N6mO5TCl98=
-6,-20,rZ2E/AIbeSOz8s60hHAutXWWKFs=,1zrBb8omlts69ioX0N6mO5TCl98=
-6,-18,rZ2E/AIbeSOz8s60hHAutXWWKFs=,1zrBb8omlts69ioX0N6mO5TCl98=
-6,-21,rZ2E/AIbeSOz8s60hHAutXWWKFs=,1zrBb8omlts69ioX0N6mO5TCl98=
-7,-21,rZ2E/AIbeSOz8s60hHAutXWWKFs=,1zrBb8omlts69ioX0N6mO5TCl98=
-7,-19,rZ2E/AIbeSOz8s60hHAutXWWKFs=,1zrBb8omlts69ioX0N6mO5TCl98=
-6,-19,rZ2E/AIbeSOz8s60hHAutXWWKFs=,1zrBb8omlts69ioX0N6mO5TCl98=
-5,-20,rZ2E/AIbeSOz8s60hHAutXWWKFs=,1zrBb8omlts69ioX0N6mO5TCl98=
-9,-23,rZ2E/AIbeSOz8s60hHAutXWWKFs=,rF3CfgsmLHMqUrktQ89N3pm3ChY=
-5,-19,rZ2E/AIbeSOz8s60hHAutXWWKFs=,1zrBb8omlts69ioX0N6mO5TCl98=
-9,-22,rZ2E/AIbeSOz8s60hHAutXWWKFs=,rF3CfgsmLHMqUrktQ89N3pm3ChY=
-7,-24,rZ2E/AIbeSOz8s60hHAutXWWKFs=,1zrBb8omlts69ioX0N6mO5TCl98=
-9,-21,rZ2E/AIbeSOz8s60hHAutXWWKFs=,rF3CfgsmLHMqUrktQ89N3pm3ChY=
-3,-20,rZ2E/AIbeSOz8s60hHAutXWWKFs=,1zrBb8omlts69ioX0N6mO5TCl98=
-5,-18,rZ2E/AIbeSOz8s60hHAutXWWKFs=,1zrBb8omlts69ioX0N6mO5TCl98=
-9,-20,rZ2E/AIbeSOz8s60hHAutXWWKFs=,rF3CfgsmLHMqUrktQ89N3pm3ChY=
-5,-21,rZ2E/AIbeSOz8s60hHAutXWWKFs=,1zrBb8omlts69ioX0N6mO5TCl98=
-1,-17,rZ2E/AIbeSOz8s60hHAutXWWKFs=,1zrBb8omlts69ioX0N6mO5TCl98=
-4,-19,rZ2E/AIbeSOz8s60hHAutXWWKFs=,1zrBb8omlts69ioX0N6mO5TCl98=
-3,-19,rZ2E/AIbeSOz8s60hHAutXWWKFs=,1zrBb8omlts69ioX0N6mO5TCl98=
-4,-20,rZ2E/AIbeSOz8s60hHAutXWWKFs=,1zrBb8omlts69ioX0N6mO5TCl98=
-4,-18,rZ2E/AIbeSOz8s60hHAutXWWKFs=,1zrBb8omlts69ioX0N6mO5TCl98=
-3,-18,rZ2E/AIbeSOz8s60hHAutXWWKFs=,1zrBb8omlts69ioX0N6mO5TCl98=
-9,-19,rZ2E/AIbeSOz8s60hHAutXWWKFs=,rF3CfgsmLHMqUrktQ89N3pm3ChY=
-2,-18,rZ2E/AIbeSOz8s60hHAutXWWKFs=,1zrBb8omlts69ioX0N6mO5TCl98=
-4,-17,rZ2E/AIbeSOz8s60hHAutXWWKFs=,1zrBb8omlts69ioX0N6mO5TCl98=
-2,-17,rZ2E/AIbeSOz8s60hHAutXWWKFs=,1zrBb8omlts69ioX0N6mO5TCl98=
-3,-17,rZ2E/AIbeSOz8s60hHAutXWWKFs=,1zrBb8omlts69ioX0N6mO5TCl98=
-5,-24,rZ2E/AIbeSOz8s60hHAutXWWKFs=,1zrBb8omlts69ioX0N6mO5TCl98=
-6,-17,rZ2E/AIbeSOz8s60hHAutXWWKFs=,1zrBb8omlts69ioX0N6mO5TCl98=
-7,-17,rZ2E/AIbeSOz8s60hHAutXWWKFs=,1zrBb8omlts69ioX0N6mO5TCl98=
-5,-17,rZ2E/AIbeSOz8s60hHAutXWWKFs=,1zrBb8omlts69ioX0N6mO5TCl98=
-9,-17,rZ2E/AIbeSOz8s60hHAutXWWKFs=,rF3CfgsmLHMqUrktQ89N3pm3ChY=
-1,-23,rZ2E/AIbeSOz8s60hHAutXWWKFs=,1zrBb8omlts69ioX0N6mO5TCl98=
-1,-20,rZ2E/AIbeSOz8s60hHAutXWWKFs=,1zrBb8omlts69ioX0N6mO5TCl98=
-1,-24,rZ2E/AIbeSOz8s60hHAutXWWKFs=,1zrBb8omlts69ioX0N6mO5TCl98=
-8,-17,rZ2E/AIbeSOz8s60hHAutXWWKFs=,1zrBb8omlts69ioX0N6mO5TCl98=
-1,-18,rZ2E/AIbeSOz8s60hHAutXWWKFs=,1zrBb8omlts69ioX0N6mO5TCl98=
-1,-22,rZ2E/AIbeSOz8s60hHAutXWWKFs=,1zrBb8omlts69ioX0N6mO5TCl98=
-3,-22,rZ2E/AIbeSOz8s60hHAutXWWKFs=,1zrBb8omlts69ioX0N6mO5TCl98=
-4,-22,rZ2E/AIbeSOz8s60hHAutXWWKFs=,1zrBb8omlts69ioX0N6mO5TCl98=
-4,-23,rZ2E/AIbeSOz8s60hHAutXWWKFs=,1zrBb8omlts69ioX0N6mO5TCl98=
-9,-24,rZ2E/AIbeSOz8s60hHAutXWWKFs=,rF3CfgsmLHMqUrktQ89N3pm3ChY=
-8,-20,rZ2E/AIbeSOz8s60hHAutXWWKFs=,1zrBb8omlts69ioX0N6mO5TCl98=
-6,-24,Nx3SRHQtxeyFMJu1QlZjEq+FjGs=,1zrBb8omlts69ioX0N6mO5TCl98=
-5,-22,Nx3SRHQtxeyFMJu1QlZjEq+FjGs=,1zrBb8omlts69ioX0N6mO5TCl98=
-9,-18,Nx3SRHQtxeyFMJu1QlZjEq+FjGs=,rF3CfgsmLHMqUrktQ89N3pm3ChY=
-7,-22,Nx3SRHQtxeyFMJu1QlZjEq+FjGs=,1zrBb8omlts69ioX0N6mO5TCl98=
-6,-22,Nx3SRHQtxeyFMJu1QlZjEq+FjGs=,1zrBb8omlts69ioX0N6mO5TCl98=
-8,-22,Nx3SRHQtxeyFMJu1QlZjEq+FjGs=,1zrBb8omlts69ioX0N6mO5TCl98=
-12,-23,Nx3SRHQtxeyFMJu1QlZjEq+FjGs=,rF3CfgsmLHMqUrktQ89N3pm3ChY=
-1,-21,Nx3SRHQtxeyFMJu1QlZjEq+FjGs=,1zrBb8omlts69ioX0N6mO5TCl98=
-2,-22,Nx3SRHQtxeyFMJu1QlZjEq+FjGs=,1zrBb8omlts69ioX0N6mO5TCl98=
-1,-19,Nx3SRHQtxeyFMJu1QlZjEq+FjGs=,1zrBb8omlts69ioX0N6mO5TCl98=
-3,-21,Nx3SRHQtxeyFMJu1QlZjEq+FjGs=,1zrBb8omlts69ioX0N6mO5TCl98=
-2,-21,Nx3SRHQtxeyFMJu1QlZjEq+FjGs=,1zrBb8omlts69ioX0N6mO5TCl98=
-8,-24,Nx3SRHQtxeyFMJu1QlZjEq+FjGs=,1zrBb8omlts69ioX0N6mO5TCl98=
-5,-23,Nx3SRHQtxeyFMJu1QlZjEq+FjGs=,1zrBb8omlts69ioX0N6mO5TCl98=
-4,-21,Nx3SRHQtxeyFMJu1QlZjEq+FjGs=,1zrBb8omlts69ioX0N6mO5TCl98=
-7,-23,Nx3SRHQtxeyFMJu1QlZjEq+FjGs=,1zrBb8omlts69ioX0N6mO5TCl98=
-6,-23,Nx3SRHQtxeyFMJu1QlZjEq+FjGs=,1zrBb8omlts69ioX0N6mO5TCl98=
-2,-24,Nx3SRHQtxeyFMJu1QlZjEq+FjGs=,1zrBb8omlts69ioX0N6mO5TCl98=
-4,-24,Nx3SRHQtxeyFMJu1QlZjEq+FjGs=,1zrBb8omlts69ioX0N6mO5TCl98=
-8,-23,Nx3SRHQtxeyFMJu1QlZjEq+FjGs=,1zrBb8omlts69ioX0N6mO5TCl98=
-2,-20,Nx3SRHQtxeyFMJu1QlZjEq+FjGs=,1zrBb8omlts69ioX0N6mO5TCl98=
-3,-24,Nx3SRHQtxeyFMJu1QlZjEq+FjGs=,1zrBb8omlts69ioX0N6mO5TCl98=
-2,-19,Nx3SRHQtxeyFMJu1QlZjEq+FjGs=,1zrBb8omlts69ioX0N6mO5TCl98=
-25,-26,Ta0axvV09nvdCGAypwNvhWb6hAI=,mgX3qTx8kJYi1MD/oiRmrSlSQZs=
-25,-27,Ta0axvV09nvdCGAypwNvhWb6hAI=,mgX3qTx8kJYi1MD/oiRmrSlSQZs=
-25,-28,Ta0axvV09nvdCGAypwNvhWb6hAI=,mgX3qTx8kJYi1MD/oiRmrSlSQZs=
-26,-25,Ta0axvV09nvdCGAypwNvhWb6hAI=,mgX3qTx8kJYi1MD/oiRmrSlSQZs=
-17,-32,Ta0axvV09nvdCGAypwNvhWb6hAI=,v+8XACoaCb0sZRLcxG6EKNBMA7U=
-17,-31,Ta0axvV09nvdCGAypwNvhWb6hAI=,v+8XACoaCb0sZRLcxG6EKNBMA7U=
-17,-29,Ta0axvV09nvdCGAypwNvhWb6hAI=,v+8XACoaCb0sZRLcxG6EKNBMA7U=
-18,-30,Ta0axvV09nvdCGAypwNvhWb6hAI=,v+8XACoaCb0sZRLcxG6EKNBMA7U=
-27,-25,Ta0axvV09nvdCGAypwNvhWb6hAI=,mgX3qTx8kJYi1MD/oiRmrSlSQZs=
-20,-29,Ta0axvV09nvdCGAypwNvhWb6hAI=,v+8XACoaCb0sZRLcxG6EKNBMA7U=
-19,-29,Ta0axvV09nvdCGAypwNvhWb6hAI=,v+8XACoaCb0sZRLcxG6EKNBMA7U=
-32,-24,Ta0axvV09nvdCGAypwNvhWb6hAI=,X6jwFyFzUX8svcyPhfgJGAKsrxY=
-17,-30,Ta0axvV09nvdCGAypwNvhWb6hAI=,v+8XACoaCb0sZRLcxG6EKNBMA7U=
-20,-31,Ta0axvV09nvdCGAypwNvhWb6hAI=,v+8XACoaCb0sZRLcxG6EKNBMA7U=
-18,-29,Ta0axvV09nvdCGAypwNvhWb6hAI=,v+8XACoaCb0sZRLcxG6EKNBMA7U=
-25,-25,Ta0axvV09nvdCGAypwNvhWb6hAI=,mgX3qTx8kJYi1MD/oiRmrSlSQZs=
-25,-32,Ta0axvV09nvdCGAypwNvhWb6hAI=,mgX3qTx8kJYi1MD/oiRmrSlSQZs=
-24,-32,Ta0axvV09nvdCGAypwNvhWb6hAI=,v+8XACoaCb0sZRLcxG6EKNBMA7U=
-32,-17,Ta0axvV09nvdCGAypwNvhWb6hAI=,X6jwFyFzUX8svcyPhfgJGAKsrxY=
-32,-25,Ta0axvV09nvdCGAypwNvhWb6hAI=,mgX3qTx8kJYi1MD/oiRmrSlSQZs=
-31,-31,Ta0axvV09nvdCGAypwNvhWb6hAI=,mgX3qTx8kJYi1MD/oiRmrSlSQZs=
-32,-28,Ta0axvV09nvdCGAypwNvhWb6hAI=,mgX3qTx8kJYi1MD/oiRmrSlSQZs=
-24,-29,Ta0axvV09nvdCGAypwNvhWb6hAI=,v+8XACoaCb0sZRLcxG6EKNBMA7U=
-30,-31,Ta0axvV09nvdCGAypwNvhWb6hAI=,mgX3qTx8kJYi1MD/oiRmrSlSQZs=
-28,-25,Ta0axvV09nvdCGAypwNvhWb6hAI=,mgX3qTx8kJYi1MD/oiRmrSlSQZs=
-18,-32,Ta0axvV09nvdCGAypwNvhWb6hAI=,v+8XACoaCb0sZRLcxG6EKNBMA7U=
-32,-18,Ta0axvV09nvdCGAypwNvhWb6hAI=,X6jwFyFzUX8svcyPhfgJGAKsrxY=
-29,-31,Ta0axvV09nvdCGAypwNvhWb6hAI=,mgX3qTx8kJYi1MD/oiRmrSlSQZs=
-26,-32,Ta0axvV09nvdCGAypwNvhWb6hAI=,mgX3qTx8kJYi1MD/oiRmrSlSQZs=
-32,-26,Ta0axvV09nvdCGAypwNvhWb6hAI=,mgX3qTx8kJYi1MD/oiRmrSlSQZs=
-23,-32,Ta0axvV09nvdCGAypwNvhWb6hAI=,v+8XACoaCb0sZRLcxG6EKNBMA7U=
-23,-29,Ta0axvV09nvdCGAypwNvhWb6hAI=,v+8XACoaCb0sZRLcxG6EKNBMA7U=
-28,-31,Ta0axvV09nvdCGAypwNvhWb6hAI=,mgX3qTx8kJYi1MD/oiRmrSlSQZs=
-26,-31,Ta0axvV09nvdCGAypwNvhWb6hAI=,mgX3qTx8kJYi1MD/oiRmrSlSQZs=
-31,-30,Ta0axvV09nvdCGAypwNvhWb6hAI=,mgX3qTx8kJYi1MD/oiRmrSlSQZs=
-31,-27,Ta0axvV09nvdCGAypwNvhWb6hAI=,mgX3qTx8kJYi1MD/oiRmrSlSQZs=
-32,-19,Ta0axvV09nvdCGAypwNvhWb6hAI=,X6jwFyFzUX8svcyPhfgJGAKsrxY=
-32,-27,Ta0axvV09nvdCGAypwNvhWb6hAI=,mgX3qTx8kJYi1MD/oiRmrSlSQZs=
-22,-29,Ta0axvV09nvdCGAypwNvhWb6hAI=,v+8XACoaCb0sZRLcxG6EKNBMA7U=
-27,-31,Ta0axvV09nvdCGAypwNvhWb6hAI=,mgX3qTx8kJYi1MD/oiRmrSlSQZs=
-27,-28,Ta0axvV09nvdCGAypwNvhWb6hAI=,mgX3qTx8kJYi1MD/oiRmrSlSQZs=
-27,-32,CX3t8K9EFNbV+hlWmkBol3iZSOY=,mgX3qTx8kJYi1MD/oiRmrSlSQZs=
-30,-30,CX3t8K9EFNbV+hlWmkBol3iZSOY=,mgX3qTx8kJYi1MD/oiRmrSlSQZs=
-21,-29,CX3t8K9EFNbV+hlWmkBol3iZSOY=,v+8XACoaCb0sZRLcxG6EKNBMA7U=
-30,-26,CX3t8K9EFNbV+hlWmkBol3iZSOY=,mgX3qTx8kJYi1MD/oiRmrSlSQZs=
-21,-32,CX3t8K9EFNbV+hlWmkBol3iZSOY=,v+8XACoaCb0sZRLcxG6EKNBMA7U=
-19,-31,CX3t8K9EFNbV+hlWmkBol3iZSOY=,v+8XACoaCb0sZRLcxG6EKNBMA7U=
-18,-31,CX3t8K9EFNbV+hlWmkBol3iZSOY=,v+8XACoaCb0sZRLcxG6EKNBMA7U=
-29,-30,CX3t8K9EFNbV+hlWmkBol3iZSOY=,mgX3qTx8kJYi1MD/oiRmrSlSQZs=
-30,-27,CX3t8K9EFNbV+hlWmkBol3iZSOY=,mgX3qTx8kJYi1MD/oiRmrSlSQZs=
-32,-23,CX3t8K9EFNbV+hlWmkBol3iZSOY=,X6jwFyFzUX8svcyPhfgJGAKsrxY=
-32,-20,CX3t8K9EFNbV+hlWmkBol3iZSOY=,X6jwFyFzUX8svcyPhfgJGAKsrxY=
-31,-26,CX3t8K9EFNbV+hlWmkBol3iZSOY=,mgX3qTx8kJYi1MD/oiRmrSlSQZs=
-31,-29,CX3t8K9EFNbV+hlWmkBol3iZSOY=,mgX3qTx8kJYi1MD/oiRmrSlSQZs=
-24,-31,CX3t8K9EFNbV+hlWmkBol3iZSOY=,v+8XACoaCb0sZRLcxG6EKNBMA7U=
-19,-32,CX3t8K9EFNbV+hlWmkBol3iZSOY=,v+8XACoaCb0sZRLcxG6EKNBMA7U=
-28,-32,CX3t8K9EFNbV+hlWmkBol3iZSOY=,mgX3qTx8kJYi1MD/oiRmrSlSQZs=
-28,-28,CX3t8K9EFNbV+hlWmkBol3iZSOY=,mgX3qTx8kJYi1MD/oiRmrSlSQZs=
-29,-27,CX3t8K9EFNbV+hlWmkBol3iZSOY=,mgX3qTx8kJYi1MD/oiRmrSlSQZs=
-23,-31,CX3t8K9EFNbV+hlWmkBol3iZSOY=,v+8XACoaCb0sZRLcxG6EKNBMA7U=
-31,-28,CX3t8K9EFNbV+hlWmkBol3iZSOY=,mgX3qTx8kJYi1MD/oiRmrSlSQZs=
-26,-30,CX3t8K9EFNbV+hlWmkBol3iZSOY=,mgX3qTx8kJYi1MD/oiRmrSlSQZs=
-28,-30,CX3t8K9EFNbV+hlWmkBol3iZSOY=,mgX3qTx8kJYi1MD/oiRmrSlSQZs=
-30,-28,CX3t8K9EFNbV+hlWmkBol3iZSOY=,mgX3qTx8kJYi1MD/oiRmrSlSQZs=
-29,-18,CX3t8K9EFNbV+hlWmkBol3iZSOY=,X6jwFyFzUX8svcyPhfgJGAKsrxY=
-28,-18,CX3t8K9EFNbV+hlWmkBol3iZSOY=,X6jwFyFzUX8svcyPhfgJGAKsrxY=
-27,-30,CX3t8K9EFNbV+hlWmkBol3iZSOY=,mgX3qTx8kJYi1MD/oiRmrSlSQZs=
-30,-17,CX3t8K9EFNbV+hlWmkBol3iZSOY=,X6jwFyFzUX8svcyPhfgJGAKsrxY=
-29,-32,CX3t8K9EFNbV+hlWmkBol3iZSOY=,mgX3qTx8kJYi1MD/oiRmrSlSQZs=
-29,-26,CX3t8K9EFNbV+hlWmkBol3iZSOY=,mgX3qTx8kJYi1MD/oiRmrSlSQZs=
-20,-32,CX3t8K9EFNbV+hlWmkBol3iZSOY=,v+8XACoaCb0sZRLcxG6EKNBMA7U=
-30,-29,CX3t8K9EFNbV+hlWmkBol3iZSOY=,mgX3qTx8kJYi1MD/oiRmrSlSQZs=
-31,-17,CX3t8K9EFNbV+hlWmkBol3iZSOY=,X6jwFyFzUX8svcyPhfgJGAKsrxY=
-17,-27,CX3t8K9EFNbV+hlWmkBol3iZSOY=,v+8XACoaCb0sZRLcxG6EKNBMA7U=
-26,-26,CX3t8K9EFNbV+hlWmkBol3iZSOY=,mgX3qTx8kJYi1MD/oiRmrSlSQZs=
-32,-21,CX3t8K9EFNbV+hlWmkBol3iZSOY=,X6jwFyFzUX8svcyPhfgJGAKsrxY=
-17,-28,CX3t8K9EFNbV+hlWmkBol3iZSOY=,v+8XACoaCb0sZRLcxG6EKNBMA7U=
-30,-18,CX3t8K9EFNbV+hlWmkBol3iZSOY=,X6jwFyFzUX8svcyPhfgJGAKsrxY=
-22,-20,CX3t8K9EFNbV+hlWmkBol3iZSOY=,wpDaNH9Jf2qpeB6uuGLVnK6R2KQ=
-29,-28,CX3t8K9EFNbV+hlWmkBol3iZSOY=,mgX3qTx8kJYi1MD/oiRmrSlSQZs=
-17,-26,CX3t8K9EFNbV+hlWmkBol3iZSOY=,v+8XACoaCb0sZRLcxG6EKNBMA7U=
-31,-18,CX3t8K9EFNbV+hlWmkBol3iZSOY=,X6jwFyFzUX8svcyPhfgJGAKsrxY=
-17,-25,CX3t8K9EFNbV+hlWmkBol3iZSOY=,v+8XACoaCb0sZRLcxG6EKNBMA7U=
-26,-28,CX3t8K9EFNbV+hlWmkBol3iZSOY=,mgX3qTx8kJYi1MD/oiRmrSlSQZs=
-30,-32,CX3t8K9EFNbV+hlWmkBol3iZSOY=,mgX3qTx8kJYi1MD/oiRmrSlSQZs=
-18,-25,CX3t8K9EFNbV+hlWmkBol3iZSOY=,v+8XACoaCb0sZRLcxG6EKNBMA7U=
-19,-30,CX3t8K9EFNbV+hlWmkBol3iZSOY=,v+8XACoaCb0sZRLcxG6EKNBMA7U=
-28,-27,CX3t8K9EFNbV+hlWmkBol3iZSOY=,mgX3qTx8kJYi1MD/oiRmrSlSQZs=
-27,-26,CX3t8K9EFNbV+hlWmkBol3iZSOY=,mgX3qTx8kJYi1MD/oiRmrSlSQZs=
-19,-25,CX3t8K9EFNbV+hlWmkBol3iZSOY=,v+8XACoaCb0sZRLcxG6EKNBMA7U=
-21,-25,CX3t8K9EFNbV+hlWmkBol3iZSOY=,v+8XACoaCb0sZRLcxG6EKNBMA7U=
-29,-19,CX3t8K9EFNbV+hlWmkBol3iZSOY=,X6jwFyFzUX8svcyPhfgJGAKsrxY=
-22,-25,CX3t8K9EFNbV+hlWmkBol3iZSOY=,v+8XACoaCb0sZRLcxG6EKNBMA7U=
-32,-22,CX3t8K9EFNbV+hlWmkBol3iZSOY=,X6jwFyFzUX8svcyPhfgJGAKsrxY=
-20,-25,CX3t8K9EFNbV+hlWmkBol3iZSOY=,v+8XACoaCb0sZRLcxG6EKNBMA7U=
-22,-19,CX3t8K9EFNbV+hlWmkBol3iZSOY=,wpDaNH9Jf2qpeB6uuGLVnK6R2KQ=
-23,-26,CX3t8K9EFNbV+hlWmkBol3iZSOY=,v+8XACoaCb0sZRLcxG6EKNBMA7U=
-23,-25,CX3t8K9EFNbV+hlWmkBol3iZSOY=,v+8XACoaCb0sZRLcxG6EKNBMA7U=
-24,-25,CX3t8K9EFNbV+hlWmkBol3iZSOY=,v+8XACoaCb0sZRLcxG6EKNBMA7U=
-30,-19,CX3t8K9EFNbV+hlWmkBol3iZSOY=,X6jwFyFzUX8svcyPhfgJGAKsrxY=
-18,-27,CX3t8K9EFNbV+hlWmkBol3iZSOY=,v+8XACoaCb0sZRLcxG6EKNBMA7U=
-24,-26,CX3t8K9EFNbV+hlWmkBol3iZSOY=,v+8XACoaCb0sZRLcxG6EKNBMA7U=
-31,-32,CX3t8K9EFNbV+hlWmkBol3iZSOY=,mgX3qTx8kJYi1MD/oiRmrSlSQZs=
-20,-30,CX3t8K9EFNbV+hlWmkBol3iZSOY=,v+8XACoaCb0sZRLcxG6EKNBMA7U=
-22,-27,CX3t8K9EFNbV+hlWmkBol3iZSOY=,v+8XACoaCb0sZRLcxG6EKNBMA7U=
-24,-27,CX3t8K9EFNbV+hlWmkBol3iZSOY=,v+8XACoaCb0sZRLcxG6EKNBMA7U=
-23,-27,CX3t8K9EFNbV+hlWmkBol3iZSOY=,v+8XACoaCb0sZRLcxG6EKNBMA7U=
-19,-28,CX3t8K9EFNbV+hlWmkBol3iZSOY=,v+8XACoaCb0sZRLcxG6EKNBMA7U=
-21,-27,CX3t8K9EFNbV+hlWmkBol3iZSOY=,v+8XACoaCb0sZRLcxG6EKNBMA7U=
-31,-19,CX3t8K9EFNbV+hlWmkBol3iZSOY=,X6jwFyFzUX8svcyPhfgJGAKsrxY=
-21,-28,CX3t8K9EFNbV+hlWmkBol3iZSOY=,v+8XACoaCb0sZRLcxG6EKNBMA7U=
-19,-27,CX3t8K9EFNbV+hlWmkBol3iZSOY=,v+8XACoaCb0sZRLcxG6EKNBMA7U=
-18,-18,CX3t8K9EFNbV+hlWmkBol3iZSOY=,wpDaNH9Jf2qpeB6uuGLVnK6R2KQ=
-22,-28,CX3t8K9EFNbV+hlWmkBol3iZSOY=,v+8XACoaCb0sZRLcxG6EKNBMA7U=
-22,-32,CX3t8K9EFNbV+hlWmkBol3iZSOY=,v+8XACoaCb0sZRLcxG6EKNBMA7U=
-18,-28,CX3t8K9EFNbV+hlWmkBol3iZSOY=,v+8XACoaCb0sZRLcxG6EKNBMA7U=
-32,-32,CX3t8K9EFNbV+hlWmkBol3iZSOY=,mgX3qTx8kJYi1MD/oiRmrSlSQZs=
-28,-26,CX3t8K9EFNbV+hlWmkBol3iZSOY=,mgX3qTx8kJYi1MD/oiRmrSlSQZs=
-20,-28,CX3t8K9EFNbV+hlWmkBol3iZSOY=,v+8XACoaCb0sZRLcxG6EKNBMA7U=
-18,-26,CX3t8K9EFNbV+hlWmkBol3iZSOY=,v+8XACoaCb0sZRLcxG6EKNBMA7U=
-29,-20,CX3t8K9EFNbV+hlWmkBol3iZSOY=,X6jwFyFzUX8svcyPhfgJGAKsrxY=
-22,-26,CX3t8K9EFNbV+hlWmkBol3iZSOY=,v+8XACoaCb0sZRLcxG6EKNBMA7U=
-19,-26,CX3t8K9EFNbV+hlWmkBol3iZSOY=,v+8XACoaCb0sZRLcxG6EKNBMA7U=
-20,-27,CX3t8K9EFNbV+hlWmkBol3iZSOY=,v+8XACoaCb0sZRLcxG6EKNBMA7U=
-24,-28,CX3t8K9EFNbV+hlWmkBol3iZSOY=,v+8XACoaCb0sZRLcxG6EKNBMA7U=
-29,-23,CX3t8K9EFNbV+hlWmkBol3iZSOY=,X6jwFyFzUX8svcyPhfgJGAKsrxY=
-32,-29,CX3t8K9EFNbV+hlWmkBol3iZSOY=,mgX3qTx8kJYi1MD/oiRmrSlSQZs=
-23,-28,CX3t8K9EFNbV+hlWmkBol3iZSOY=,v+8XACoaCb0sZRLcxG6EKNBMA7U=
-21,-26,CX3t8K9EFNbV+hlWmkBol3iZSOY=,v+8XACoaCb0sZRLcxG6EKNBMA7U=
-20,-26,CX3t8K9EFNbV+hlWmkBol3iZSOY=,v+8XACoaCb0sZRLcxG6EKNBMA7U=
-24,-30,CX3t8K9EFNbV+hlWmkBol3iZSOY=,v+8XACoaCb0sZRLcxG6EKNBMA7U=
-22,-30,CX3t8K9EFNbV+hlWmkBol3iZSOY=,v+8XACoaCb0sZRLcxG6EKNBMA7U=
-26,-18,CX3t8K9EFNbV+hlWmkBol3iZSOY=,X6jwFyFzUX8svcyPhfgJGAKsrxY=
-30,-20,CX3t8K9EFNbV+hlWmkBol3iZSOY=,X6jwFyFzUX8svcyPhfgJGAKsrxY=
-32,-30,CX3t8K9EFNbV+hlWmkBol3iZSOY=,mgX3qTx8kJYi1MD/oiRmrSlSQZs=
-23,-30,CX3t8K9EFNbV+hlWmkBol3iZSOY=,v+8XACoaCb0sZRLcxG6EKNBMA7U=
-21,-30,CX3t8K9EFNbV+hlWmkBol3iZSOY=,v+8XACoaCb0sZRLcxG6EKNBMA7U=
-29,-17,CX3t8K9EFNbV+hlWmkBol3iZSOY=,X6jwFyFzUX8svcyPhfgJGAKsrxY=
-22,-31,CX3t8K9EFNbV+hlWmkBol3iZSOY=,v+8XACoaCb0sZRLcxG6EKNBMA7U=
-21,-31,CX3t8K9EFNbV+hlWmkBol3iZSOY=,v+8XACoaCb0sZRLcxG6EKNBMA7U=
-31,-20,CX3t8K9EFNbV+hlWmkBol3iZSOY=,X6jwFyFzUX8svcyPhfgJGAKsrxY=
-30,-23,CX3t8K9EFNbV+hlWmkBol3iZSOY=,X6jwFyFzUX8svcyPhfgJGAKsrxY=
-26,-27,CX3t8K9EFNbV+hlWmkBol3iZSOY=,mgX3qTx8kJYi1MD/oiRmrSlSQZs=
-25,-31,CX3t8K9EFNbV+hlWmkBol3iZSOY=,mgX3qTx8kJYi1MD/oiRmrSlSQZs=
-31,-25,CX3t8K9EFNbV+hlWmkBol3iZSOY=,mgX3qTx8kJYi1MD/oiRmrSlSQZs=
-27,-18,CX3t8K9EFNbV+hlWmkBol3iZSOY=,X6jwFyFzUX8svcyPhfgJGAKsrxY=
-27,-27,CX3t8K9EFNbV+hlWmkBol3iZSOY=,mgX3qTx8kJYi1MD/oiRmrSlSQZs=
-25,-29,CX3t8K9EFNbV+hlWmkBol3iZSOY=,mgX3qTx8kJYi1MD/oiRmrSlSQZs=
-21,-20,CX3t8K9EFNbV+hlWmkBol3iZSOY=,wpDaNH9Jf2qpeB6uuGLVnK6R2KQ=
-32,-31,CX3t8K9EFNbV+hlWmkBol3iZSOY=,mgX3qTx8kJYi1MD/oiRmrSlSQZs=
-26,-29,CX3t8K9EFNbV+hlWmkBol3iZSOY=,mgX3qTx8kJYi1MD/oiRmrSlSQZs=
-26,-23,CX3t8K9EFNbV+hlWmkBol3iZSOY=,X6jwFyFzUX8svcyPhfgJGAKsrxY=
-25,-30,CX3t8K9EFNbV+hlWmkBol3iZSOY=,mgX3qTx8kJYi1MD/oiRmrSlSQZs=
-20,-19,CX3t8K9EFNbV+hlWmkBol3iZSOY=,wpDaNH9Jf2qpeB6uuGLVnK6R2KQ=
-19,-20,CX3t8K9EFNbV+hlWmkBol3iZSOY=,wpDaNH9Jf2qpeB6uuGLVnK6R2KQ=
-20,-20,CX3t8K9EFNbV+hlWmkBol3iZSOY=,wpDaNH9Jf2qpeB6uuGLVnK6R2KQ=
-29,-29,CX3t8K9EFNbV+hlWmkBol3iZSOY=,mgX3qTx8kJYi1MD/oiRmrSlSQZs=
-27,-29,CX3t8K9EFNbV+hlWmkBol3iZSOY=,mgX3qTx8kJYi1MD/oiRmrSlSQZs=
-19,-19,CX3t8K9EFNbV+hlWmkBol3iZSOY=,wpDaNH9Jf2qpeB6uuGLVnK6R2KQ=
-25,-21,CX3t8K9EFNbV+hlWmkBol3iZSOY=,X6jwFyFzUX8svcyPhfgJGAKsrxY=
-31,-23,CX3t8K9EFNbV+hlWmkBol3iZSOY=,X6jwFyFzUX8svcyPhfgJGAKsrxY=
-25,-20,CX3t8K9EFNbV+hlWmkBol3iZSOY=,X6jwFyFzUX8svcyPhfgJGAKsrxY=
-21,-19,CX3t8K9EFNbV+hlWmkBol3iZSOY=,wpDaNH9Jf2qpeB6uuGLVnK6R2KQ=
-28,-29,CX3t8K9EFNbV+hlWmkBol3iZSOY=,mgX3qTx8kJYi1MD/oiRmrSlSQZs=
-25,-24,CX3t8K9EFNbV+hlWmkBol3iZSOY=,X6jwFyFzUX8svcyPhfgJGAKsrxY=
-17,-17,CX3t8K9EFNbV+hlWmkBol3iZSOY=,wpDaNH9Jf2qpeB6uuGLVnK6R2KQ=
-21,-24,CX3t8K9EFNbV+hlWmkBol3iZSOY=,wpDaNH9Jf2qpeB6uuGLVnK6R2KQ=
-23,-22,CX3t8K9EFNbV+hlWmkBol3iZSOY=,wpDaNH9Jf2qpeB6uuGLVnK6R2KQ=
-24,-22,xJ3iCUQTS1zuVcsGHDgbENEf3gc=,wpDaNH9Jf2qpeB6uuGLVnK6R2KQ=
-20,-17,xJ3iCUQTS1zuVcsGHDgbENEf3gc=,wpDaNH9Jf2qpeB6uuGLVnK6R2KQ=
-18,-17,xJ3iCUQTS1zuVcsGHDgbENEf3gc=,wpDaNH9Jf2qpeB6uuGLVnK6R2KQ=
-17,-24,xJ3iCUQTS1zuVcsGHDgbENEf3gc=,wpDaNH9Jf2qpeB6uuGLVnK6R2KQ=
-21,-17,xJ3iCUQTS1zuVcsGHDgbENEf3gc=,wpDaNH9Jf2qpeB6uuGLVnK6R2KQ=
-29,-24,xJ3iCUQTS1zuVcsGHDgbENEf3gc=,X6jwFyFzUX8svcyPhfgJGAKsrxY=
-19,-17,xJ3iCUQTS1zuVcsGHDgbENEf3gc=,wpDaNH9Jf2qpeB6uuGLVnK6R2KQ=
-24,-17,xJ3iCUQTS1zuVcsGHDgbENEf3gc=,wpDaNH9Jf2qpeB6uuGLVnK6R2KQ=
-25,-19,xJ3iCUQTS1zuVcsGHDgbENEf3gc=,X6jwFyFzUX8svcyPhfgJGAKsrxY=
-23,-17,xJ3iCUQTS1zuVcsGHDgbENEf3gc=,wpDaNH9Jf2qpeB6uuGLVnK6R2KQ=
-22,-17,xJ3iCUQTS1zuVcsGHDgbENEf3gc=,wpDaNH9Jf2qpeB6uuGLVnK6R2KQ=
-17,-20,xJ3iCUQTS1zuVcsGHDgbENEf3gc=,wpDaNH9Jf2qpeB6uuGLVnK6R2KQ=
-17,-23,xJ3iCUQTS1zuVcsGHDgbENEf3gc=,wpDaNH9Jf2qpeB6uuGLVnK6R2KQ=
-25,-17,xJ3iCUQTS1zuVcsGHDgbENEf3gc=,X6jwFyFzUX8svcyPhfgJGAKsrxY=
-17,-21,xJ3iCUQTS1zuVcsGHDgbENEf3gc=,wpDaNH9Jf2qpeB6uuGLVnK6R2KQ=
-17,-19,xJ3iCUQTS1zuVcsGHDgbENEf3gc=,wpDaNH9Jf2qpeB6uuGLVnK6R2KQ=
-17,-18,xJ3iCUQTS1zuVcsGHDgbENEf3gc=,wpDaNH9Jf2qpeB6uuGLVnK6R2KQ=
-25,-22,xJ3iCUQTS1zuVcsGHDgbENEf3gc=,X6jwFyFzUX8svcyPhfgJGAKsrxY=
-25,-23,xJ3iCUQTS1zuVcsGHDgbENEf3gc=,X6jwFyFzUX8svcyPhfgJGAKsrxY=
-20,-18,xJ3iCUQTS1zuVcsGHDgbENEf3gc=,wpDaNH9Jf2qpeB6uuGLVnK6R2KQ=
-17,-22,xJ3iCUQTS1zuVcsGHDgbENEf3gc=,wpDaNH9Jf2qpeB6uuGLVnK6R2KQ=
-23,-19,xJ3iCUQTS1zuVcsGHDgbENEf3gc=,wpDaNH9Jf2qpeB6uuGLVnK6R2KQ=
-19,-18,xJ3iCUQTS1zuVcsGHDgbENEf3gc=,wpDaNH9Jf2qpeB6uuGLVnK6R2KQ=
-30,-24,xJ3iCUQTS1zuVcsGHDgbENEf3gc=,X6jwFyFzUX8svcyPhfgJGAKsrxY=
-23,-20,xJ3iCUQTS1zuVcsGHDgbENEf3gc=,wpDaNH9Jf2qpeB6uuGLVnK6R2KQ=
-24,-20,xJ3iCUQTS1zuVcsGHDgbENEf3gc=,wpDaNH9Jf2qpeB6uuGLVnK6R2KQ=
-18,-24,xJ3iCUQTS1zuVcsGHDgbENEf3gc=,wpDaNH9Jf2qpeB6uuGLVnK6R2KQ=
-20,-21,xJ3iCUQTS1zuVcsGHDgbENEf3gc=,wpDaNH9Jf2qpeB6uuGLVnK6R2KQ=
-18,-21,xJ3iCUQTS1zuVcsGHDgbENEf3gc=,wpDaNH9Jf2qpeB6uuGLVnK6R2KQ=
-19,-21,xJ3iCUQTS1zuVcsGHDgbENEf3gc=,wpDaNH9Jf2qpeB6uuGLVnK6R2KQ=
-21,-23,xJ3iCUQTS1zuVcsGHDgbENEf3gc=,wpDaNH9Jf2qpeB6uuGLVnK6R2KQ=
-20,-23,xJ3iCUQTS1zuVcsGHDgbENEf3gc=,wpDaNH9Jf2qpeB6uuGLVnK6R2KQ=
-23,-24,xJ3iCUQTS1zuVcsGHDgbENEf3gc=,wpDaNH9Jf2qpeB6uuGLVnK6R2KQ=
-22,-23,xJ3iCUQTS1zuVcsGHDgbENEf3gc=,wpDaNH9Jf2qpeB6uuGLVnK6R2KQ=
-22,-18,xJ3iCUQTS1zuVcsGHDgbENEf3gc=,wpDaNH9Jf2qpeB6uuGLVnK6R2KQ=
-24,-24,xJ3iCUQTS1zuVcsGHDgbENEf3gc=,wpDaNH9Jf2qpeB6uuGLVnK6R2KQ=
-20,-24,xJ3iCUQTS1zuVcsGHDgbENEf3gc=,wpDaNH9Jf2qpeB6uuGLVnK6R2KQ=
-23,-21,xJ3iCUQTS1zuVcsGHDgbENEf3gc=,wpDaNH9Jf2qpeB6uuGLVnK6R2KQ=
-31,-24,xJ3iCUQTS1zuVcsGHDgbENEf3gc=,X6jwFyFzUX8svcyPhfgJGAKsrxY=
-22,-21,xJ3iCUQTS1zuVcsGHDgbENEf3gc=,wpDaNH9Jf2qpeB6uuGLVnK6R2KQ=
-23,-23,xJ3iCUQTS1zuVcsGHDgbENEf3gc=,wpDaNH9Jf2qpeB6uuGLVnK6R2KQ=
-23,-18,xJ3iCUQTS1zuVcsGHDgbENEf3gc=,wpDaNH9Jf2qpeB6uuGLVnK6R2KQ=
-22,-24,xJ3iCUQTS1zuVcsGHDgbENEf3gc=,wpDaNH9Jf2qpeB6uuGLVnK6R2KQ=
-19,-22,xJ3iCUQTS1zuVcsGHDgbENEf3gc=,wpDaNH9Jf2qpeB6uuGLVnK6R2KQ=
-29,-21,xJ3iCUQTS1zuVcsGHDgbENEf3gc=,X6jwFyFzUX8svcyPhfgJGAKsrxY=
-24,-18,xJ3iCUQTS1zuVcsGHDgbENEf3gc=,wpDaNH9Jf2qpeB6uuGLVnK6R2KQ=
-24,-21,xJ3iCUQTS1zuVcsGHDgbENEf3gc=,wpDaNH9Jf2qpeB6uuGLVnK6R2KQ=
-24,-23,xJ3iCUQTS1zuVcsGHDgbENEf3gc=,wpDaNH9Jf2qpeB6uuGLVnK6R2KQ=
-18,-22,xJ3iCUQTS1zuVcsGHDgbENEf3gc=,wpDaNH9Jf2qpeB6uuGLVnK6R2KQ=
-20,-22,xJ3iCUQTS1zuVcsGHDgbENEf3gc=,wpDaNH9Jf2qpeB6uuGLVnK6R2KQ=
-21,-22,xJ3iCUQTS1zuVcsGHDgbENEf3gc=,wpDaNH9Jf2qpeB6uuGLVnK6R2KQ=
-25,-18,xJ3iCUQTS1zuVcsGHDgbENEf3gc=,X6jwFyFzUX8svcyPhfgJGAKsrxY=
-18,-19,xJ3iCUQTS1zuVcsGHDgbENEf3gc=,wpDaNH9Jf2qpeB6uuGLVnK6R2KQ=
-30,-21,xJ3iCUQTS1zuVcsGHDgbENEf3gc=,X6jwFyFzUX8svcyPhfgJGAKsrxY=
-26,-19,xJ3iCUQTS1zuVcsGHDgbENEf3gc=,X6jwFyFzUX8svcyPhfgJGAKsrxY=
-22,-22,xJ3iCUQTS1zuVcsGHDgbENEf3gc=,wpDaNH9Jf2qpeB6uuGLVnK6R2KQ=
-18,-20,xJ3iCUQTS1zuVcsGHDgbENEf3gc=,wpDaNH9Jf2qpeB6uuGLVnK6R2KQ=
-28,-19,xJ3iCUQTS1zuVcsGHDgbENEf3gc=,X6jwFyFzUX8svcyPhfgJGAKsrxY=
-27,-19,xJ3iCUQTS1zuVcsGHDgbENEf3gc=,X6jwFyFzUX8svcyPhfgJGAKsrxY=
-28,-20,xJ3iCUQTS1zuVcsGHDgbENEf3gc=,X6jwFyFzUX8svcyPhfgJGAKsrxY=
-26,-24,xJ3iCUQTS1zuVcsGHDgbENEf3gc=,X6jwFyFzUX8svcyPhfgJGAKsrxY=
-19,-24,xJ3iCUQTS1zuVcsGHDgbENEf3gc=,wpDaNH9Jf2qpeB6uuGLVnK6R2KQ=
-18,-23,xJ3iCUQTS1zuVcsGHDgbENEf3gc=,wpDaNH9Jf2qpeB6uuGLVnK6R2KQ=
-21,-18,xJ3iCUQTS1zuVcsGHDgbENEf3gc=,wpDaNH9Jf2qpeB6uuGLVnK6R2KQ=
-27,-23,xJ3iCUQTS1zuVcsGHDgbENEf3gc=,X6jwFyFzUX8svcyPhfgJGAKsrxY=
-24,-19,xJ3iCUQTS1zuVcsGHDgbENEf3gc=,wpDaNH9Jf2qpeB6uuGLVnK6R2KQ=
-19,-23,xJ3iCUQTS1zuVcsGHDgbENEf3gc=,wpDaNH9Jf2qpeB6uuGLVnK6R2KQ=
-27,-20,xJ3iCUQTS1zuVcsGHDgbENEf3gc=,X6jwFyFzUX8svcyPhfgJGAKsrxY=
-21,-21,xJ3iCUQTS1zuVcsGHDgbENEf3gc=,wpDaNH9Jf2qpeB6uuGLVnK6R2KQ=
-28,-24,xJ3iCUQTS1zuVcsGHDgbENEf3gc=,X6jwFyFzUX8svcyPhfgJGAKsrxY=
-31,-21,xJ3iCUQTS1zuVcsGHDgbENEf3gc=,X6jwFyFzUX8svcyPhfgJGAKsrxY=
-27,-22,xJ3iCUQTS1zuVcsGHDgbENEf3gc=,X6jwFyFzUX8svcyPhfgJGAKsrxY=
-28,-21,xJ3iCUQTS1zuVcsGHDgbENEf3gc=,X6jwFyFzUX8svcyPhfgJGAKsrxY=
-26,-17,xJ3iCUQTS1zuVcsGHDgbENEf3gc=,X6jwFyFzUX8svcyPhfgJGAKsrxY=
-28,-23,xJ3iCUQTS1zuVcsGHDgbENEf3gc=,X6jwFyFzUX8svcyPhfgJGAKsrxY=
-26,-20,xJ3iCUQTS1zuVcsGHDgbENEf3gc=,X6jwFyFzUX8svcyPhfgJGAKsrxY=
-28,-17,xJ3iCUQTS1zuVcsGHDgbENEf3gc=,X6jwFyFzUX8svcyPhfgJGAKsrxY=
-27,-17,xJ3iCUQTS1zuVcsGHDgbENEf3gc=,X6jwFyFzUX8svcyPhfgJGAKsrxY=
-26,-21,xJ3iCUQTS1zuVcsGHDgbENEf3gc=,X6jwFyFzUX8svcyPhfgJGAKsrxY=
-27,-24,xJ3iCUQTS1zuVcsGHDgbENEf3gc=,X6jwFyFzUX8svcyPhfgJGAKsrxY=
-27,-21,xJ3iCUQTS1zuVcsGHDgbENEf3gc=,X6jwFyFzUX8svcyPhfgJGAKsrxY=
-26,-22,xJ3iCUQTS1zuVcsGHDgbENEf3gc=,X6jwFyFzUX8svcyPhfgJGAKsrxY=
-31,-22,xJ3iCUQTS1zuVcsGHDgbENEf3gc=,X6jwFyFzUX8svcyPhfgJGAKsrxY=
-30,-22,xJ3iCUQTS1zuVcsGHDgbENEf3gc=,X6jwFyFzUX8svcyPhfgJGAKsrxY=
-30,-25,xJ3iCUQTS1zuVcsGHDgbENEf3gc=,mgX3qTx8kJYi1MD/oiRmrSlSQZs=
-28,-22,xJ3iCUQTS1zuVcsGHDgbENEf3gc=,X6jwFyFzUX8svcyPhfgJGAKsrxY=
-29,-25,xJ3iCUQTS1zuVcsGHDgbENEf3gc=,mgX3qTx8kJYi1MD/oiRmrSlSQZs=
-29,-22,xJ3iCUQTS1zuVcsGHDgbENEf3gc=,X6jwFyFzUX8svcyPhfgJGAKsrxY=
-25,-9,74x4kBGC74jq0dh1J8rBPIe9vQg=,6GeDRvqSZ8LtsH7m216otkunye0=
-26,-9,74x4kBGC74jq0dh1J8rBPIe9vQg=,6GeDRvqSZ8LtsH7m216otkunye0=
-23,-10,74x4kBGC74jq0dh1J8rBPIe9vQg=,lWgZQjPV/z8QlMi+5jsyTp1Ztcg=
-24,-10,74x4kBGC74jq0dh1J8rBPIe9vQg=,lWgZQjPV/z8QlMi+5jsyTp1Ztcg=
-22,-10,74x4kBGC74jq0dh1J8rBPIe9vQg=,lWgZQjPV/z8QlMi+5jsyTp1Ztcg=
-23,-9,74x4kBGC74jq0dh1J8rBPIe9vQg=,lWgZQjPV/z8QlMi+5jsyTp1Ztcg=
-23,-12,74x4kBGC74jq0dh1J8rBPIe9vQg=,lWgZQjPV/z8QlMi+5jsyTp1Ztcg=
-23,-11,74x4kBGC74jq0dh1J8rBPIe9vQg=,lWgZQjPV/z8QlMi+5jsyTp1Ztcg=
-27,-9,74x4kBGC74jq0dh1J8rBPIe9vQg=,6GeDRvqSZ8LtsH7m216otkunye0=
-24,-11,74x4kBGC74jq0dh1J8rBPIe9vQg=,lWgZQjPV/z8QlMi+5jsyTp1Ztcg=
-22,-11,74x4kBGC74jq0dh1J8rBPIe9vQg=,lWgZQjPV/z8QlMi+5jsyTp1Ztcg=
-21,-10,74x4kBGC74jq0dh1J8rBPIe9vQg=,lWgZQjPV/z8QlMi+5jsyTp1Ztcg=
-24,-12,74x4kBGC74jq0dh1J8rBPIe9vQg=,lWgZQjPV/z8QlMi+5jsyTp1Ztcg=
-22,-12,74x4kBGC74jq0dh1J8rBPIe9vQg=,lWgZQjPV/z8QlMi+5jsyTp1Ztcg=
-21,-12,74x4kBGC74jq0dh1J8rBPIe9vQg=,lWgZQjPV/z8QlMi+5jsyTp1Ztcg=
-28,-9,74x4kBGC74jq0dh1J8rBPIe9vQg=,6GeDRvqSZ8LtsH7m216otkunye0=
-21,-9,74x4kBGC74jq0dh1J8rBPIe9vQg=,lWgZQjPV/z8QlMi+5jsyTp1Ztcg=
-21,-11,74x4kBGC74jq0dh1J8rBPIe9vQg=,lWgZQjPV/z8QlMi+5jsyTp1Ztcg=
-22,-9,74x4kBGC74jq0dh1J8rBPIe9vQg=,lWgZQjPV/z8QlMi+5jsyTp1Ztcg=
-24,-9,74x4kBGC74jq0dh1J8rBPIe9vQg=,lWgZQjPV/z8QlMi+5jsyTp1Ztcg=
-25,-10,74x4kBGC74jq0dh1J8rBPIe9vQg=,6GeDRvqSZ8LtsH7m216otkunye0=
-27,-12,74x4kBGC74jq0dh1J8rBPIe9vQg=,6GeDRvqSZ8LtsH7m216otkunye0=
-28,-12,74x4kBGC74jq0dh1J8rBPIe9vQg=,6GeDRvqSZ8LtsH7m216otkunye0=
-25,-1,74x4kBGC74jq0dh1J8rBPIe9vQg=,x/sL7Y7seaL7fYzFMRidu/RnOL4=
-26,-10,74x4kBGC74jq0dh1J8rBPIe9vQg=,6GeDRvqSZ8LtsH7m216otkunye0=
-21,-1,74x4kBGC74jq0dh1J8rBPIe9vQg=,Sg/l79cfbGNxTlVeQywUiGplXtc=
-27,-10,74x4kBGC74jq0dh1J8rBPIe9vQg=,6GeDRvqSZ8LtsH7m216otkunye0=
-22,-1,74x4kBGC74jq0dh1J8rBPIe9vQg=,Sg/l79cfbGNxTlVeQywUiGplXtc=
-28,-10,74x4kBGC74jq0dh1J8rBPIe9vQg=,6GeDRvqSZ8LtsH7m216otkunye0=
-23,-1,74x4kBGC74jq0dh1J8rBPIe9vQg=,Sg/l79cfbGNxTlVeQywUiGplXtc=
-24,-1,74x4kBGC74jq0dh1J8rBPIe9vQg=,Sg/l79cfbGNxTlVeQywUiGplXtc=
-17,-8,74x4kBGC74jq0dh1J8rBPIe9vQg=,Sg/l79cfbGNxTlVeQywUiGplXtc=
-25,-11,74x4kBGC74jq0dh1J8rBPIe9vQg=,6GeDRvqSZ8LtsH7m216otkunye0=
-26,-12,74x4kBGC74jq0dh1J8rBPIe9vQg=,6GeDRvqSZ8LtsH7m216otkunye0=
-17,-6,74x4kBGC74jq0dh1J8rBPIe9vQg=,Sg/l79cfbGNxTlVeQywUiGplXtc=
-21,-4,74x4kBGC74jq0dh1J8rBPIe9vQg=,Sg/l79cfbGNxTlVeQywUiGplXtc=
-28,-2,74x4kBGC74jq0dh1J8rBPIe9vQg=,x/sL7Y7seaL7fYzFMRidu/RnOL4=
-27,-11,74x4kBGC74jq0dh1J8rBPIe9vQg=,6GeDRvqSZ8LtsH7m216otkunye0=
-27,-2,74x4kBGC74jq0dh1J8rBPIe9vQg=,x/sL7Y7seaL7fYzFMRidu/RnOL4=
-28,-11,74x4kBGC74jq0dh1J8rBPIe9vQg=,6GeDRvqSZ8LtsH7m216otkunye0=
-25,-12,74x4kBGC74jq0dh1J8rBPIe9vQg=,6GeDRvqSZ8LtsH7m216otkunye0=
-17,-5,74x4kBGC74jq0dh1J8rBPIe9vQg=,Sg/l79cfbGNxTlVeQywUiGplXtc=
-24,-3,74x4kBGC74jq0dh1J8rBPIe9vQg=,Sg/l79cfbGNxTlVeQywUiGplXtc=
-26,-2,74x4kBGC74jq0dh1J8rBPIe9vQg=,x/sL7Y7seaL7fYzFMRidu/RnOL4=
-17,-7,74x4kBGC74jq0dh1J8rBPIe9vQg=,Sg/l79cfbGNxTlVeQywUiGplXtc=
-26,-16,74x4kBGC74jq0dh1J8rBPIe9vQg=,6GeDRvqSZ8LtsH7m216otkunye0=
-26,-11,74x4kBGC74jq0dh1J8rBPIe9vQg=,6GeDRvqSZ8LtsH7m216otkunye0=
-28,-8,74x4kBGC74jq0dh1J8rBPIe9vQg=,x/sL7Y7seaL7fYzFMRidu/RnOL4=
-23,-3,74x4kBGC74jq0dh1J8rBPIe9vQg=,Sg/l79cfbGNxTlVeQywUiGplXtc=
-32,-9,xg3Rx/AJ0AqFd4d37EKxvDTbO6U=,6GeDRvqSZ8LtsH7m216otkunye0=
-20,-7,xg3Rx/AJ0AqFd4d37EKxvDTbO6U=,Sg/l79cfbGNxTlVeQywUiGplXtc=
-20,-6,xg3Rx/AJ0AqFd4d37EKxvDTbO6U=,Sg/l79cfbGNxTlVeQywUiGplXtc=
-25,-16,xg3Rx/AJ0AqFd4d37EKxvDTbO6U=,6GeDRvqSZ8LtsH7m216otkunye0=
-27,-16,xg3Rx/AJ0AqFd4d37EKxvDTbO6U=,6GeDRvqSZ8LtsH7m216otkunye0=
-22,-5,xg3Rx/AJ0AqFd4d37EKxvDTbO6U=,Sg/l79cfbGNxTlVeQywUiGplXtc=
-32,-16,xg3Rx/AJ0AqFd4d37EKxvDTbO6U=,6GeDRvqSZ8LtsH7m216otkunye0=
-21,-16,xg3Rx/AJ0AqFd4d37EKxvDTbO6U=,lWgZQjPV/z8QlMi+5jsyTp1Ztcg=
-32,-10,xg3Rx/AJ0AqFd4d37EKxvDTbO6U=,6GeDRvqSZ8LtsH7m216otkunye0=
-19,-6,xg3Rx/AJ0AqFd4d37EKxvDTbO6U=,Sg/l79cfbGNxTlVeQywUiGplXtc=
-28,-15,xg3Rx/AJ0AqFd4d37EKxvDTbO6U=,6GeDRvqSZ8LtsH7m216otkunye0=
-32,-15,xg3Rx/AJ0AqFd4d37EKxvDTbO6U=,6GeDRvqSZ8LtsH7m216otkunye0=
-32,-11,xg3Rx/AJ0AqFd4d37EKxvDTbO6U=,6GeDRvqSZ8LtsH7m216otkunye0=
-17,-3,xg3Rx/AJ0AqFd4d37EKxvDTbO6U=,Sg/l79cfbGNxTlVeQywUiGplXtc=
-28,-16,xg3Rx/AJ0AqFd4d37EKxvDTbO6U=,6GeDRvqSZ8LtsH7m216otkunye0=
-18,-6,xg3Rx/AJ0AqFd4d37EKxvDTbO6U=,Sg/l79cfbGNxTlVeQywUiGplXtc=
-26,-8,xg3Rx/AJ0AqFd4d37EKxvDTbO6U=,x/sL7Y7seaL7fYzFMRidu/RnOL4=
-27,-8,xg3Rx/AJ0AqFd4d37EKxvDTbO6U=,x/sL7Y7seaL7fYzFMRidu/RnOL4=
-17,-2,xg3Rx/AJ0AqFd4d37EKxvDTbO6U=,Sg/l79cfbGNxTlVeQywUiGplXtc=
-25,-6,xg3Rx/AJ0AqFd4d37EKxvDTbO6U=,x/sL7Y7seaL7fYzFMRidu/RnOL4=
-19,-7,xg3Rx/AJ0AqFd4d37EKxvDTbO6U=,Sg/l79cfbGNxTlVeQywUiGplXtc=
-27,-15,xg3Rx/AJ0AqFd4d37EKxvDTbO6U=,6GeDRvqSZ8LtsH7m216otkunye0=
-32,-1,xg3Rx/AJ0AqFd4d37EKxvDTbO6U=,x/sL7Y7seaL7fYzFMRidu/RnOL4=
-17,-4,xg3Rx/AJ0AqFd4d37EKxvDTbO6U=,Sg/l79cfbGNxTlVeQywUiGplXtc=
-32,-13,xg3Rx/AJ0AqFd4d37EKxvDTbO6U=,6GeDRvqSZ8LtsH7m216otkunye0=
-25,-13,xg3Rx/AJ0AqFd4d37EKxvDTbO6U=,6GeDRvqSZ8LtsH7m216otkunye0=
-22,-3,xg3Rx/AJ0AqFd4d37EKxvDTbO6U=,Sg/l79cfbGNxTlVeQywUiGplXtc=
-31,-14,xg3Rx/AJ0AqFd4d37EKxvDTbO6U=,6GeDRvqSZ8LtsH7m216otkunye0=
-18,-8,xg3Rx/AJ0AqFd4d37EKxvDTbO6U=,Sg/l79cfbGNxTlVeQywUiGplXtc=
-22,-15,xg3Rx/AJ0AqFd4d37EKxvDTbO6U=,lWgZQjPV/z8QlMi+5jsyTp1Ztcg=
-22,-16,xg3Rx/AJ0AqFd4d37EKxvDTbO6U=,lWgZQjPV/z8QlMi+5jsyTp1Ztcg=
-18,-1,xg3Rx/AJ0AqFd4d37EKxvDTbO6U=,Sg/l79cfbGNxTlVeQywUiGplXtc=
-32,-12,xg3Rx/AJ0AqFd4d37EKxvDTbO6U=,6GeDRvqSZ8LtsH7m216otkunye0=
-23,-15,xg3Rx/AJ0AqFd4d37EKxvDTbO6U=,lWgZQjPV/z8QlMi+5jsyTp1Ztcg=
-22,-6,xg3Rx/AJ0AqFd4d37EKxvDTbO6U=,Sg/l79cfbGNxTlVeQywUiGplXtc=
-32,-2,xg3Rx/AJ0AqFd4d37EKxvDTbO6U=,x/sL7Y7seaL7fYzFMRidu/RnOL4=
-30,-1,xg3Rx/AJ0AqFd4d37EKxvDTbO6U=,x/sL7Y7seaL7fYzFMRidu/RnOL4=
-20,-16,xg3Rx/AJ0AqFd4d37EKxvDTbO6U=,lWgZQjPV/z8QlMi+5jsyTp1Ztcg=
-30,-14,xg3Rx/AJ0AqFd4d37EKxvDTbO6U=,6GeDRvqSZ8LtsH7m216otkunye0=
-32,-3,xg3Rx/AJ0AqFd4d37EKxvDTbO6U=,x/sL7Y7seaL7fYzFMRidu/RnOL4=
-32,-14,xg3Rx/AJ0AqFd4d37EKxvDTbO6U=,6GeDRvqSZ8LtsH7m216otkunye0=
-19,-8,xg3Rx/AJ0AqFd4d37EKxvDTbO6U=,Sg/l79cfbGNxTlVeQywUiGplXtc=
-26,-13,xg3Rx/AJ0AqFd4d37EKxvDTbO6U=,6GeDRvqSZ8LtsH7m216otkunye0=
-21,-3,xg3Rx/AJ0AqFd4d37EKxvDTbO6U=,Sg/l79cfbGNxTlVeQywUiGplXtc=
-23,-14,xg3Rx/AJ0AqFd4d37EKxvDTbO6U=,lWgZQjPV/z8QlMi+5jsyTp1Ztcg=
-31,-1,xg3Rx/AJ0AqFd4d37EKxvDTbO6U=,x/sL7Y7seaL7fYzFMRidu/RnOL4=
-21,-15,xg3Rx/AJ0AqFd4d37EKxvDTbO6U=,lWgZQjPV/z8QlMi+5jsyTp1Ztcg=
-19,-1,xg3Rx/AJ0AqFd4d37EKxvDTbO6U=,Sg/l79cfbGNxTlVeQywUiGplXtc=
-32,-8,xg3Rx/AJ0AqFd4d37EKxvDTbO6U=,x/sL7Y7seaL7fYzFMRidu/RnOL4=
-22,-14,xg3Rx/AJ0AqFd4d37EKxvDTbO6U=,lWgZQjPV/z8QlMi+5jsyTp1Ztcg=
-21,-6,xg3Rx/AJ0AqFd4d37EKxvDTbO6U=,Sg/l79cfbGNxTlVeQywUiGplXtc=
-28,-7,xg3Rx/AJ0AqFd4d37EKxvDTbO6U=,x/sL7Y7seaL7fYzFMRidu/RnOL4=
-23,-16,xg3Rx/AJ0AqFd4d37EKxvDTbO6U=,lWgZQjPV/z8QlMi+5jsyTp1Ztcg=
-18,-5,xg3Rx/AJ0AqFd4d37EKxvDTbO6U=,Sg/l79cfbGNxTlVeQywUiGplXtc=
-29,-14,xg3Rx/AJ0AqFd4d37EKxvDTbO6U=,6GeDRvqSZ8LtsH7m216otkunye0=
-27,-13,xg3Rx/AJ0AqFd4d37EKxvDTbO6U=,6GeDRvqSZ8LtsH7m216otkunye0=
-32,-4,xg3Rx/AJ0AqFd4d37EKxvDTbO6U=,x/sL7Y7seaL7fYzFMRidu/RnOL4=
-29,-16,xg3Rx/AJ0AqFd4d37EKxvDTbO6U=,6GeDRvqSZ8LtsH7m216otkunye0=
-20,-1,xg3Rx/AJ0AqFd4d37EKxvDTbO6U=,Sg/l79cfbGNxTlVeQywUiGplXtc=
-22,-13,xg3Rx/AJ0AqFd4d37EKxvDTbO6U=,lWgZQjPV/z8QlMi+5jsyTp1Ztcg=
-29,-1,xg3Rx/AJ0AqFd4d37EKxvDTbO6U=,x/sL7Y7seaL7fYzFMRidu/RnOL4=
-19,-16,xg3Rx/AJ0AqFd4d37EKxvDTbO6U=,lWgZQjPV/z8QlMi+5jsyTp1Ztcg=
-23,-13,xg3Rx/AJ0AqFd4d37EKxvDTbO6U=,lWgZQjPV/z8QlMi+5jsyTp1Ztcg=
-31,-4,xg3Rx/AJ0AqFd4d37EKxvDTbO6U=,x/sL7Y7seaL7fYzFMRidu/RnOL4=
-17,-9,xg3Rx/AJ0AqFd4d37EKxvDTbO6U=,lWgZQjPV/z8QlMi+5jsyTp1Ztcg=
-20,-8,xg3Rx/AJ0AqFd4d37EKxvDTbO6U=,Sg/l79cfbGNxTlVeQywUiGplXtc=
-29,-2,xg3Rx/AJ0AqFd4d37EKxvDTbO6U=,x/sL7Y7seaL7fYzFMRidu/RnOL4=
-21,-14,xg3Rx/AJ0AqFd4d37EKxvDTbO6U=,lWgZQjPV/z8QlMi+5jsyTp1Ztcg=
-30,-16,xg3Rx/AJ0AqFd4d37EKxvDTbO6U=,6GeDRvqSZ8LtsH7m216otkunye0=
-20,-2,xg3Rx/AJ0AqFd4d37EKxvDTbO6U=,Sg/l79cfbGNxTlVeQywUiGplXtc=
-29,-4,xg3Rx/AJ0AqFd4d37EKxvDTbO6U=,x/sL7Y7seaL7fYzFMRidu/RnOL4=
-24,-15,xg3Rx/AJ0AqFd4d37EKxvDTbO6U=,lWgZQjPV/z8QlMi+5jsyTp1Ztcg=
-18,-2,xg3Rx/AJ0AqFd4d37EKxvDTbO6U=,Sg/l79cfbGNxTlVeQywUiGplXtc=
-19,-5,xg3Rx/AJ0AqFd4d37EKxvDTbO6U=,Sg/l79cfbGNxTlVeQywUiGplXtc=
-18,-16,xg3Rx/AJ0AqFd4d37EKxvDTbO6U=,lWgZQjPV/z8QlMi+5jsyTp1Ztcg=
-19,-2,xg3Rx/AJ0AqFd4d37EKxvDTbO6U=,Sg/l79cfbGNxTlVeQywUiGplXtc=
-30,-2,xg3Rx/AJ0AqFd4d37EKxvDTbO6U=,x/sL7Y7seaL7fYzFMRidu/RnOL4=
-24,-13,xg3Rx/AJ0AqFd4d37EKxvDTbO6U=,lWgZQjPV/z8QlMi+5jsyTp1Ztcg=
-24,-16,xg3Rx/AJ0AqFd4d37EKxvDTbO6U=,lWgZQjPV/z8QlMi+5jsyTp1Ztcg=
-24,-14,xg3Rx/AJ0AqFd4d37EKxvDTbO6U=,lWgZQjPV/z8QlMi+5jsyTp1Ztcg=
-20,-15,xg3Rx/AJ0AqFd4d37EKxvDTbO6U=,lWgZQjPV/z8QlMi+5jsyTp1Ztcg=
-31,-16,xg3Rx/AJ0AqFd4d37EKxvDTbO6U=,6GeDRvqSZ8LtsH7m216otkunye0=
-26,-7,xg3Rx/AJ0AqFd4d37EKxvDTbO6U=,x/sL7Y7seaL7fYzFMRidu/RnOL4=
-21,-13,xg3Rx/AJ0AqFd4d37EKxvDTbO6U=,lWgZQjPV/z8QlMi+5jsyTp1Ztcg=
-20,-3,xg3Rx/AJ0AqFd4d37EKxvDTbO6U=,Sg/l79cfbGNxTlVeQywUiGplXtc=
-27,-7,xg3Rx/AJ0AqFd4d37EKxvDTbO6U=,x/sL7Y7seaL7fYzFMRidu/RnOL4=
-20,-4,xg3Rx/AJ0AqFd4d37EKxvDTbO6U=,Sg/l79cfbGNxTlVeQywUiGplXtc=
-17,-16,xg3Rx/AJ0AqFd4d37EKxvDTbO6U=,lWgZQjPV/z8QlMi+5jsyTp1Ztcg=
-30,-4,xg3Rx/AJ0AqFd4d37EKxvDTbO6U=,x/sL7Y7seaL7fYzFMRidu/RnOL4=
-31,-2,xg3Rx/AJ0AqFd4d37EKxvDTbO6U=,x/sL7Y7seaL7fYzFMRidu/RnOL4=
-32,-5,xg3Rx/AJ0AqFd4d37EKxvDTbO6U=,x/sL7Y7seaL7fYzFMRidu/RnOL4=
-19,-3,xg3Rx/AJ0AqFd4d37EKxvDTbO6U=,Sg/l79cfbGNxTlVeQywUiGplXtc=
-17,-1,xg3Rx/AJ0AqFd4d37EKxvDTbO6U=,Sg/l79cfbGNxTlVeQywUiGplXtc=
-18,-7,xg3Rx/AJ0AqFd4d37EKxvDTbO6U=,Sg/l79cfbGNxTlVeQywUiGplXtc=
-29,-15,xg3Rx/AJ0AqFd4d37EKxvDTbO6U=,6GeDRvqSZ8LtsH7m216otkunye0=
-31,-9,xg3Rx/AJ0AqFd4d37EKxvDTbO6U=,6GeDRvqSZ8LtsH7m216otkunye0=
-18,-4,xg3Rx/AJ0AqFd4d37EKxvDTbO6U=,Sg/l79cfbGNxTlVeQywUiGplXtc=
-19,-4,xg3Rx/AJ0AqFd4d37EKxvDTbO6U=,Sg/l79cfbGNxTlVeQywUiGplXtc=
-32,-7,xg3Rx/AJ0AqFd4d37EKxvDTbO6U=,x/sL7Y7seaL7fYzFMRidu/RnOL4=
-32,-6,xg3Rx/AJ0AqFd4d37EKxvDTbO6U=,x/sL7Y7seaL7fYzFMRidu/RnOL4=
-18,-3,xg3Rx/AJ0AqFd4d37EKxvDTbO6U=,Sg/l79cfbGNxTlVeQywUiGplXtc=
-29,-3,xg3Rx/AJ0AqFd4d37EKxvDTbO6U=,x/sL7Y7seaL7fYzFMRidu/RnOL4=
-17,-10,xg3Rx/AJ0AqFd4d37EKxvDTbO6U=,lWgZQjPV/z8QlMi+5jsyTp1Ztcg=
-29,-9,xg3Rx/AJ0AqFd4d37EKxvDTbO6U=,6GeDRvqSZ8LtsH7m216otkunye0=
-20,-5,xg3Rx/AJ0AqFd4d37EKxvDTbO6U=,Sg/l79cfbGNxTlVeQywUiGplXtc=
-29,-5,xg3Rx/AJ0AqFd4d37EKxvDTbO6U=,x/sL7Y7seaL7fYzFMRidu/RnOL4=
-29,-6,xg3Rx/AJ0AqFd4d37EKxvDTbO6U=,x/sL7Y7seaL7fYzFMRidu/RnOL4=
-31,-5,xg3Rx/AJ0AqFd4d37EKxvDTbO6U=,x/sL7Y7seaL7fYzFMRidu/RnOL4=
-30,-5,xg3Rx/AJ0AqFd4d37EKxvDTbO6U=,x/sL7Y7seaL7fYzFMRidu/RnOL4=
-30,-9,xg3Rx/AJ0AqFd4d37EKxvDTbO6U=,6GeDRvqSZ8LtsH7m216otkunye0=
-17,-11,xg3Rx/AJ0AqFd4d37EKxvDTbO6U=,lWgZQjPV/z8QlMi+5jsyTp1Ztcg=
-30,-6,xg3Rx/AJ0AqFd4d37EKxvDTbO6U=,x/sL7Y7seaL7fYzFMRidu/RnOL4=
-31,-6,xg3Rx/AJ0AqFd4d37EKxvDTbO6U=,x/sL7Y7seaL7fYzFMRidu/RnOL4=
-30,-15,xg3Rx/AJ0AqFd4d37EKxvDTbO6U=,6GeDRvqSZ8LtsH7m216otkunye0=
-17,-12,xg3Rx/AJ0AqFd4d37EKxvDTbO6U=,lWgZQjPV/z8QlMi+5jsyTp1Ztcg=
-30,-3,xg3Rx/AJ0AqFd4d37EKxvDTbO6U=,x/sL7Y7seaL7fYzFMRidu/RnOL4=
-30,-10,xg3Rx/AJ0AqFd4d37EKxvDTbO6U=,6GeDRvqSZ8LtsH7m216otkunye0=
-31,-7,xg3Rx/AJ0AqFd4d37EKxvDTbO6U=,x/sL7Y7seaL7fYzFMRidu/RnOL4=
-30,-7,xg3Rx/AJ0AqFd4d37EKxvDTbO6U=,x/sL7Y7seaL7fYzFMRidu/RnOL4=
-29,-7,xg3Rx/AJ0AqFd4d37EKxvDTbO6U=,x/sL7Y7seaL7fYzFMRidu/RnOL4=
-30,-11,xg3Rx/AJ0AqFd4d37EKxvDTbO6U=,6GeDRvqSZ8LtsH7m216otkunye0=
-17,-13,xg3Rx/AJ0AqFd4d37EKxvDTbO6U=,lWgZQjPV/z8QlMi+5jsyTp1Ztcg=
-28,-13,ET0DS+A+lBxG0R0BzpiuLXSiwy4=,6GeDRvqSZ8LtsH7m216otkunye0=
-30,-8,ET0DS+A+lBxG0R0BzpiuLXSiwy4=,x/sL7Y7seaL7fYzFMRidu/RnOL4=
-29,-8,ET0DS+A+lBxG0R0BzpiuLXSiwy4=,x/sL7Y7seaL7fYzFMRidu/RnOL4=
-29,-10,ET0DS+A+lBxG0R0BzpiuLXSiwy4=,6GeDRvqSZ8LtsH7m216otkunye0=
-29,-12,ET0DS+A+lBxG0R0BzpiuLXSiwy4=,6GeDRvqSZ8LtsH7m216otkunye0=
-25,-5,ET0DS+A+lBxG0R0BzpiuLXSiwy4=,x/sL7Y7seaL7fYzFMRidu/RnOL4=
-29,-11,ET0DS+A+lBxG0R0BzpiuLXSiwy4=,6GeDRvqSZ8LtsH7m216otkunye0=
-17,-14,ET0DS+A+lBxG0R0BzpiuLXSiwy4=,lWgZQjPV/z8QlMi+5jsyTp1Ztcg=
-31,-10,ET0DS+A+lBxG0R0BzpiuLXSiwy4=,6GeDRvqSZ8LtsH7m216otkunye0=
-23,-5,ET0DS+A+lBxG0R0BzpiuLXSiwy4=,Sg/l79cfbGNxTlVeQywUiGplXtc=
-31,-3,ET0DS+A+lBxG0R0BzpiuLXSiwy4=,x/sL7Y7seaL7fYzFMRidu/RnOL4=
-31,-8,ET0DS+A+lBxG0R0BzpiuLXSiwy4=,x/sL7Y7seaL7fYzFMRidu/RnOL4=
-31,-12,ET0DS+A+lBxG0R0BzpiuLXSiwy4=,6GeDRvqSZ8LtsH7m216otkunye0=
-23,-8,ET0DS+A+lBxG0R0BzpiuLXSiwy4=,Sg/l79cfbGNxTlVeQywUiGplXtc=
-17,-15,ET0DS+A+lBxG0R0BzpiuLXSiwy4=,lWgZQjPV/z8QlMi+5jsyTp1Ztcg=
-26,-14,ET0DS+A+lBxG0R0BzpiuLXSiwy4=,6GeDRvqSZ8LtsH7m216otkunye0=
-23,-6,ET0DS+A+lBxG0R0BzpiuLXSiwy4=,Sg/l79cfbGNxTlVeQywUiGplXtc=
-21,-7,ET0DS+A+lBxG0R0BzpiuLXSiwy4=,Sg/l79cfbGNxTlVeQywUiGplXtc=
-21,-5,ET0DS+A+lBxG0R0BzpiuLXSiwy4=,Sg/l79cfbGNxTlVeQywUiGplXtc=
-25,-15,ET0DS+A+lBxG0R0BzpiuLXSiwy4=,6GeDRvqSZ8LtsH7m216otkunye0=
-27,-14,ET0DS+A+lBxG0R0BzpiuLXSiwy4=,6GeDRvqSZ8LtsH7m216otkunye0=
-22,-4,ET0DS+A+lBxG0R0BzpiuLXSiwy4=,Sg/l79cfbGNxTlVeQywUiGplXtc=
-20,-9,ET0DS+A+lBxG0R0BzpiuLXSiwy4=,lWgZQjPV/z8QlMi+5jsyTp1Ztcg=
-24,-8,ET0DS+A+lBxG0R0BzpiuLXSiwy4=,Sg/l79cfbGNxTlVeQywUiGplXtc=
-24,-7,ET0DS+A+lBxG0R0BzpiuLXSiwy4=,Sg/l79cfbGNxTlVeQywUiGplXtc=
-25,-4,ET0DS+A+lBxG0R0BzpiuLXSiwy4=,x/sL7Y7seaL7fYzFMRidu/RnOL4=
-21,-8,ET0DS+A+lBxG0R0BzpiuLXSiwy4=,Sg/l79cfbGNxTlVeQywUiGplXtc=
-25,-14,ET0DS+A+lBxG0R0BzpiuLXSiwy4=,6GeDRvqSZ8LtsH7m216otkunye0=
-25,-3,ET0DS+A+lBxG0R0BzpiuLXSiwy4=,x/sL7Y7seaL7fYzFMRidu/RnOL4=
-21,-2,ET0DS+A+lBxG0R0BzpiuLXSiwy4=,Sg/l79cfbGNxTlVeQywUiGplXtc=
-22,-2,ET0DS+A+lBxG0R0BzpiuLXSiwy4=,Sg/l79cfbGNxTlVeQywUiGplXtc=
-23,-4,ET0DS+A+lBxG0R0BzpiuLXSiwy4=,Sg/l79cfbGNxTlVeQywUiGplXtc=
-19,-9,ET0DS+A+lBxG0R0BzpiuLXSiwy4=,lWgZQjPV/z8QlMi+5jsyTp1Ztcg=
-22,-8,ET0DS+A+lBxG0R0BzpiuLXSiwy4=,Sg/l79cfbGNxTlVeQywUiGplXtc=
-24,-5,ET0DS+A+lBxG0R0BzpiuLXSiwy4=,Sg/l79cfbGNxTlVeQywUiGplXtc=
-24,-4,ET0DS+A+lBxG0R0BzpiuLXSiwy4=,Sg/l79cfbGNxTlVeQywUiGplXtc=
-25,-2,ET0DS+A+lBxG0R0BzpiuLXSiwy4=,x/sL7Y7seaL7fYzFMRidu/RnOL4=
-24,-6,ET0DS+A+lBxG0R0BzpiuLXSiwy4=,Sg/l79cfbGNxTlVeQywUiGplXtc=
-25,-8,ET0DS+A+lBxG0R0BzpiuLXSiwy4=,x/sL7Y7seaL7fYzFMRidu/RnOL4=
-23,-2,ET0DS+A+lBxG0R0BzpiuLXSiwy4=,Sg/l79cfbGNxTlVeQywUiGplXtc=
-25,-7,ET0DS+A+lBxG0R0BzpiuLXSiwy4=,x/sL7Y7seaL7fYzFMRidu/RnOL4=
-24,-2,ET0DS+A+lBxG0R0BzpiuLXSiwy4=,Sg/l79cfbGNxTlVeQywUiGplXtc=
-27,-3,ET0DS+A+lBxG0R0BzpiuLXSiwy4=,x/sL7Y7seaL7fYzFMRidu/RnOL4=
-26,-3,ET0DS+A+lBxG0R0BzpiuLXSiwy4=,x/sL7Y7seaL7fYzFMRidu/RnOL4=
-18,-9,ET0DS+A+lBxG0R0BzpiuLXSiwy4=,lWgZQjPV/z8QlMi+5jsyTp1Ztcg=
-28,-3,ET0DS+A+lBxG0R0BzpiuLXSiwy4=,x/sL7Y7seaL7fYzFMRidu/RnOL4=
-31,-15,ET0DS+A+lBxG0R0BzpiuLXSiwy4=,6GeDRvqSZ8LtsH7m216otkunye0=
-28,-4,ET0DS+A+lBxG0R0BzpiuLXSiwy4=,x/sL7Y7seaL7fYzFMRidu/RnOL4=
-27,-4,ET0DS+A+lBxG0R0BzpiuLXSiwy4=,x/sL7Y7seaL7fYzFMRidu/RnOL4=
-26,-1,ET0DS+A+lBxG0R0BzpiuLXSiwy4=,x/sL7Y7seaL7fYzFMRidu/RnOL4=
-30,-12,ET0DS+A+lBxG0R0BzpiuLXSiwy4=,6GeDRvqSZ8LtsH7m216otkunye0=
-26,-4,ET0DS+A+lBxG0R0BzpiuLXSiwy4=,x/sL7Y7seaL7fYzFMRidu/RnOL4=
-28,-14,ET0DS+A+lBxG0R0BzpiuLXSiwy4=,6GeDRvqSZ8LtsH7m216otkunye0=
-23,-7,ET0DS+A+lBxG0R0BzpiuLXSiwy4=,Sg/l79cfbGNxTlVeQywUiGplXtc=
-22,-7,ET0DS+A+lBxG0R0BzpiuLXSiwy4=,Sg/l79cfbGNxTlVeQywUiGplXtc=
-31,-11,ET0DS+A+lBxG0R0BzpiuLXSiwy4=,6GeDRvqSZ8LtsH7m216otkunye0=
-26,-15,ET0DS+A+lBxG0R0BzpiuLXSiwy4=,6GeDRvqSZ8LtsH7m216otkunye0=
-18,-10,ET0DS+A+lBxG0R0BzpiuLXSiwy4=,lWgZQjPV/z8QlMi+5jsyTp1Ztcg=
-26,-6,ET0DS+A+lBxG0R0BzpiuLXSiwy4=,x/sL7Y7seaL7fYzFMRidu/RnOL4=
-28,-6,ET0DS+A+lBxG0R0BzpiuLXSiwy4=,x/sL7Y7seaL7fYzFMRidu/RnOL4=
-26,-5,ET0DS+A+lBxG0R0BzpiuLXSiwy4=,x/sL7Y7seaL7fYzFMRidu/RnOL4=
-29,-13,ET0DS+A+lBxG0R0BzpiuLXSiwy4=,6GeDRvqSZ8LtsH7m216otkunye0=
-28,-1,ET0DS+A+lBxG0R0BzpiuLXSiwy4=,x/sL7Y7seaL7fYzFMRidu/RnOL4=
-27,-5,ET0DS+A+lBxG0R0BzpiuLXSiwy4=,x/sL7Y7seaL7fYzFMRidu/RnOL4=
-27,-1,ET0DS+A+lBxG0R0BzpiuLXSiwy4=,x/sL7Y7seaL7fYzFMRidu/RnOL4=
-31,-13,ET0DS+A+lBxG0R0BzpiuLXSiwy4=,6GeDRvqSZ8LtsH7m216otkunye0=
-27,-6,ET0DS+A+lBxG0R0BzpiuLXSiwy4=,x/sL7Y7seaL7fYzFMRidu/RnOL4=
-20,-13,ET0DS+A+lBxG0R0BzpiuLXSiwy4=,lWgZQjPV/z8QlMi+5jsyTp1Ztcg=
-30,-13,ET0DS+A+lBxG0R0BzpiuLXSiwy4=,6GeDRvqSZ8LtsH7m216otkunye0=
-18,-13,ET0DS+A+lBxG0R0BzpiuLXSiwy4=,lWgZQjPV/z8QlMi+5jsyTp1Ztcg=
-28,-5,ET0DS+A+lBxG0R0BzpiuLXSiwy4=,x/sL7Y7seaL7fYzFMRidu/RnOL4=
-19,-10,ET0DS+A+lBxG0R0BzpiuLXSiwy4=,lWgZQjPV/z8QlMi+5jsyTp1Ztcg=
-18,-14,ET0DS+A+lBxG0R0BzpiuLXSiwy4=,lWgZQjPV/z8QlMi+5jsyTp1Ztcg=
-18,-12,ET0DS+A+lBxG0R0BzpiuLXSiwy4=,lWgZQjPV/z8QlMi+5jsyTp1Ztcg=
-18,-15,ET0DS+A+lBxG0R0BzpiuLXSiwy4=,lWgZQjPV/z8QlMi+5jsyTp1Ztcg=
-19,-14,ET0DS+A+lBxG0R0BzpiuLXSiwy4=,lWgZQjPV/z8QlMi+5jsyTp1Ztcg=
-18,-11,ET0DS+A+lBxG0R0BzpiuLXSiwy4=,lWgZQjPV/z8QlMi+5jsyTp1Ztcg=
-20,-14,ET0DS+A+lBxG0R0BzpiuLXSiwy4=,lWgZQjPV/z8QlMi+5jsyTp1Ztcg=
-20,-11,ET0DS+A+lBxG0R0BzpiuLXSiwy4=,lWgZQjPV/z8QlMi+5jsyTp1Ztcg=
-19,-12,ET0DS+A+lBxG0R0BzpiuLXSiwy4=,lWgZQjPV/z8QlMi+5jsyTp1Ztcg=
-19,-11,ET0DS+A+lBxG0R0BzpiuLXSiwy4=,lWgZQjPV/z8QlMi+5jsyTp1Ztcg=
-20,-10,ET0DS+A+lBxG0R0BzpiuLXSiwy4=,lWgZQjPV/z8QlMi+5jsyTp1Ztcg=
-20,-12,ET0DS+A+lBxG0R0BzpiuLXSiwy4=,lWgZQjPV/z8QlMi+5jsyTp1Ztcg=
-19,-13,ET0DS+A+lBxG0R0BzpiuLXSiwy4=,lWgZQjPV/z8QlMi+5jsyTp1Ztcg=
-19,-15,ET0DS+A+lBxG0R0BzpiuLXSiwy4=,lWgZQjPV/z8QlMi+5jsyTp1Ztcg=
